#group,false,false,true,true,false,false,true,true,true,true,true
#datatype,string,long,dateTime:RFC3339,dateTime:RFC3339,dateTime:RFC3339,long,string,string,string,string,string
#default,_result,,,,,,,,,,
,result,table,_start,_stop,_time,_value,_field,_measurement,host,location,room
,,0,2023-11-30T03:00:00Z,2023-11-30T14:00:00Z,2023-11-30T03:01:06.135548043Z,837,CO2,monitor_task,ESP32-5,urbino,Turing
,,0,2023-11-30T03:00:00Z,2023-11-30T14:00:00Z,2023-11-30T03:06:30.652046627Z,834,CO2,monitor_task,ESP32-5,urbino,Turing
,,0,2023-11-30T03:00:00Z,2023-11-30T14:00:00Z,2023-11-30T03:11:55.456254708Z,830,CO2,monitor_task,ESP32-5,urbino,Turing
,,0,2023-11-30T03:00:00Z,2023-11-30T14:00:00Z,2023-11-30T03:17:20.332066316Z,845,CO2,monitor_task,ESP32-5,urbino,Turing
,,0,2023-11-30T03:00:00Z,2023-11-30T14:00:00Z,2023-11-30T03:22:45.131728251Z,831,CO2,monitor_task,ESP32-5,urbino,Turing
,,0,2023-11-30T03:00:00Z,2023-11-30T14:00:00Z,2023-11-30T03:28:09.704134588Z,829,CO2,monitor_task,ESP32-5,urbino,Turing
,,0,2023-11-30T03:00:00Z,2023-11-30T14:00:00Z,2023-11-30T03:33:34.122827382Z,823,CO2,monitor_task,ESP32-5,urbino,Turing
,,0,2023-11-30T03:00:00Z,2023-11-30T14:00:00Z,2023-11-30T03:38:58.523912754Z,802,CO2,monitor_task,ESP32-5,urbino,Turing
,,0,2023-11-30T03:00:00Z,2023-11-30T14:00:00Z,2023-11-30T03:44:23.372116994Z,812,CO2,monitor_task,ESP32-5,urbino,Turing
,,0,2023-11-30T03:00:00Z,2023-11-30T14:00:00Z,2023-11-30T03:49:47.582182302Z,825,CO2,monitor_task,ESP32-5,urbino,Turing
,,0,2023-11-30T03:00:00Z,2023-11-30T14:00:00Z,2023-11-30T03:55:12.455639491Z,826,CO2,monitor_task,ESP32-5,urbino,Turing
,,0,2023-11-30T03:00:00Z,2023-11-30T14:00:00Z,2023-11-30T04:00:37.605877073Z,817,CO2,monitor_task,ESP32-5,urbino,Turing
,,0,2023-11-30T03:00:00Z,2023-11-30T14:00:00Z,2023-11-30T04:06:02.066503189Z,818,CO2,monitor_task,ESP32-5,urbino,Turing
,,0,2023-11-30T03:00:00Z,2023-11-30T14:00:00Z,2023-11-30T04:11:26.854556404Z,818,CO2,monitor_task,ESP32-5,urbino,Turing
,,0,2023-11-30T03:00:00Z,2023-11-30T14:00:00Z,2023-11-30T04:16:51.423614875Z,821,CO2,monitor_task,ESP32-5,urbino,Turing
,,0,2023-11-30T03:00:00Z,2023-11-30T14:00:00Z,2023-11-30T04:22:16.363928716Z,803,CO2,monitor_task,ESP32-5,urbino,Turing
,,0,2023-11-30T03:00:00Z,2023-11-30T14:00:00Z,2023-11-30T04:27:41.15404958Z,805,CO2,monitor_task,ESP32-5,urbino,Turing
,,0,2023-11-30T03:00:00Z,2023-11-30T14:00:00Z,2023-11-30T04:33:05.791931014Z,799,CO2,monitor_task,ESP32-5,urbino,Turing
,,0,2023-11-30T03:00:00Z,2023-11-30T14:00:00Z,2023-11-30T04:38:30.463601873Z,799,CO2,monitor_task,ESP32-5,urbino,Turing
,,0,2023-11-30T03:00:00Z,2023-11-30T14:00:00Z,2023-11-30T04:43:54.900124906Z,819,CO2,monitor_task,ESP32-5,urbino,Turing
,,0,2023-11-30T03:00:00Z,2023-11-30T14:00:00Z,2023-11-30T04:49:20.016166535Z,804,CO2,monitor_task,ESP32-5,urbino,Turing
,,0,2023-11-30T03:00:00Z,2023-11-30T14:00:00Z,2023-11-30T04:54:44.923386973Z,807,CO2,monitor_task,ESP32-5,urbino,Turing
,,0,2023-11-30T03:00:00Z,2023-11-30T14:00:00Z,2023-11-30T05:00:09.530220487Z,797,CO2,monitor_task,ESP32-5,urbino,Turing
,,0,2023-11-30T03:00:00Z,2023-11-30T14:00:00Z,2023-11-30T05:05:34.170020645Z,795,CO2,monitor_task,ESP32-5,urbino,Turing
,,0,2023-11-30T03:00:00Z,2023-11-30T14:00:00Z,2023-11-30T05:10:58.958747944Z,788,CO2,monitor_task,ESP32-5,urbino,Turing
,,0,2023-11-30T03:00:00Z,2023-11-30T14:00:00Z,2023-11-30T05:16:23.59462444Z,791,CO2,monitor_task,ESP32-5,urbino,Turing
,,0,2023-11-30T03:00:00Z,2023-11-30T14:00:00Z,2023-11-30T05:21:47.990162537Z,799,CO2,monitor_task,ESP32-5,urbino,Turing
,,0,2023-11-30T03:00:00Z,2023-11-30T14:00:00Z,2023-11-30T05:27:12.550971063Z,789,CO2,monitor_task,ESP32-5,urbino,Turing
,,0,2023-11-30T03:00:00Z,2023-11-30T14:00:00Z,2023-11-30T05:32:37.442999339Z,793,CO2,monitor_task,ESP32-5,urbino,Turing
,,0,2023-11-30T03:00:00Z,2023-11-30T14:00:00Z,2023-11-30T05:38:02.266088836Z,787,CO2,monitor_task,ESP32-5,urbino,Turing
,,0,2023-11-30T03:00:00Z,2023-11-30T14:00:00Z,2023-11-30T05:43:26.829598767Z,787,CO2,monitor_task,ESP32-5,urbino,Turing
,,0,2023-11-30T03:00:00Z,2023-11-30T14:00:00Z,2023-11-30T05:48:51.497142865Z,790,CO2,monitor_task,ESP32-5,urbino,Turing
,,0,2023-11-30T03:00:00Z,2023-11-30T14:00:00Z,2023-11-30T05:54:15.945518642Z,792,CO2,monitor_task,ESP32-5,urbino,Turing
,,0,2023-11-30T03:00:00Z,2023-11-30T14:00:00Z,2023-11-30T05:59:40.749865764Z,776,CO2,monitor_task,ESP32-5,urbino,Turing
,,0,2023-11-30T03:00:00Z,2023-11-30T14:00:00Z,2023-11-30T06:05:04.837279132Z,773,CO2,monitor_task,ESP32-5,urbino,Turing
,,0,2023-11-30T03:00:00Z,2023-11-30T14:00:00Z,2023-11-30T06:10:29.165778373Z,778,CO2,monitor_task,ESP32-5,urbino,Turing
,,0,2023-11-30T03:00:00Z,2023-11-30T14:00:00Z,2023-11-30T06:15:53.572432378Z,770,CO2,monitor_task,ESP32-5,urbino,Turing
,,0,2023-11-30T03:00:00Z,2023-11-30T14:00:00Z,2023-11-30T06:21:17.949779926Z,778,CO2,monitor_task,ESP32-5,urbino,Turing
,,0,2023-11-30T03:00:00Z,2023-11-30T14:00:00Z,2023-11-30T06:26:42.455008999Z,778,CO2,monitor_task,ESP32-5,urbino,Turing
,,0,2023-11-30T03:00:00Z,2023-11-30T14:00:00Z,2023-11-30T06:32:07.058117148Z,771,CO2,monitor_task,ESP32-5,urbino,Turing
,,0,2023-11-30T03:00:00Z,2023-11-30T14:00:00Z,2023-11-30T06:37:31.659353431Z,775,CO2,monitor_task,ESP32-5,urbino,Turing
,,0,2023-11-30T03:00:00Z,2023-11-30T14:00:00Z,2023-11-30T06:42:56.26067634Z,744,CO2,monitor_task,ESP32-5,urbino,Turing
,,0,2023-11-30T03:00:00Z,2023-11-30T14:00:00Z,2023-11-30T06:48:20.825832183Z,680,CO2,monitor_task,ESP32-5,urbino,Turing
,,0,2023-11-30T03:00:00Z,2023-11-30T14:00:00Z,2023-11-30T06:53:45.608174453Z,622,CO2,monitor_task,ESP32-5,urbino,Turing
,,0,2023-11-30T03:00:00Z,2023-11-30T14:00:00Z,2023-11-30T06:59:10.020720901Z,595,CO2,monitor_task,ESP32-5,urbino,Turing
,,0,2023-11-30T03:00:00Z,2023-11-30T14:00:00Z,2023-11-30T07:04:35.102779944Z,538,CO2,monitor_task,ESP32-5,urbino,Turing
,,0,2023-11-30T03:00:00Z,2023-11-30T14:00:00Z,2023-11-30T07:09:59.578705766Z,497,CO2,monitor_task,ESP32-5,urbino,Turing
,,0,2023-11-30T03:00:00Z,2023-11-30T14:00:00Z,2023-11-30T07:15:24.056734945Z,475,CO2,monitor_task,ESP32-5,urbino,Turing
,,0,2023-11-30T03:00:00Z,2023-11-30T14:00:00Z,2023-11-30T07:20:48.462239954Z,480,CO2,monitor_task,ESP32-5,urbino,Turing
,,0,2023-11-30T03:00:00Z,2023-11-30T14:00:00Z,2023-11-30T07:26:12.954522068Z,488,CO2,monitor_task,ESP32-5,urbino,Turing
,,0,2023-11-30T03:00:00Z,2023-11-30T14:00:00Z,2023-11-30T07:31:37.526781402Z,519,CO2,monitor_task,ESP32-5,urbino,Turing
,,0,2023-11-30T03:00:00Z,2023-11-30T14:00:00Z,2023-11-30T07:37:01.92794101Z,545,CO2,monitor_task,ESP32-5,urbino,Turing
,,0,2023-11-30T03:00:00Z,2023-11-30T14:00:00Z,2023-11-30T07:42:26.254142088Z,549,CO2,monitor_task,ESP32-5,urbino,Turing
,,0,2023-11-30T03:00:00Z,2023-11-30T14:00:00Z,2023-11-30T07:47:50.658584671Z,539,CO2,monitor_task,ESP32-5,urbino,Turing
,,0,2023-11-30T03:00:00Z,2023-11-30T14:00:00Z,2023-11-30T07:53:15.145057492Z,528,CO2,monitor_task,ESP32-5,urbino,Turing
,,0,2023-11-30T03:00:00Z,2023-11-30T14:00:00Z,2023-11-30T07:58:39.574282609Z,560,CO2,monitor_task,ESP32-5,urbino,Turing
,,0,2023-11-30T03:00:00Z,2023-11-30T14:00:00Z,2023-11-30T08:04:04.337181298Z,619,CO2,monitor_task,ESP32-5,urbino,Turing
,,0,2023-11-30T03:00:00Z,2023-11-30T14:00:00Z,2023-11-30T08:09:29.05429118Z,698,CO2,monitor_task,ESP32-5,urbino,Turing
,,0,2023-11-30T03:00:00Z,2023-11-30T14:00:00Z,2023-11-30T08:14:53.61224968Z,892,CO2,monitor_task,ESP32-5,urbino,Turing
,,0,2023-11-30T03:00:00Z,2023-11-30T14:00:00Z,2023-11-30T08:20:18.731806295Z,1024,CO2,monitor_task,ESP32-5,urbino,Turing
,,0,2023-11-30T03:00:00Z,2023-11-30T14:00:00Z,2023-11-30T08:25:43.131816651Z,1277,CO2,monitor_task,ESP32-5,urbino,Turing
,,0,2023-11-30T03:00:00Z,2023-11-30T14:00:00Z,2023-11-30T08:31:07.852349267Z,1555,CO2,monitor_task,ESP32-5,urbino,Turing
,,0,2023-11-30T03:00:00Z,2023-11-30T14:00:00Z,2023-11-30T08:36:33.204656499Z,1743,CO2,monitor_task,ESP32-5,urbino,Turing
,,0,2023-11-30T03:00:00Z,2023-11-30T14:00:00Z,2023-11-30T08:41:57.917816543Z,1975,CO2,monitor_task,ESP32-5,urbino,Turing
,,0,2023-11-30T03:00:00Z,2023-11-30T14:00:00Z,2023-11-30T08:47:26.07349553Z,2145,CO2,monitor_task,ESP32-5,urbino,Turing
,,0,2023-11-30T03:00:00Z,2023-11-30T14:00:00Z,2023-11-30T08:52:54.632969786Z,2369,CO2,monitor_task,ESP32-5,urbino,Turing
,,0,2023-11-30T03:00:00Z,2023-11-30T14:00:00Z,2023-11-30T08:58:23.190852863Z,2567,CO2,monitor_task,ESP32-5,urbino,Turing
,,0,2023-11-30T03:00:00Z,2023-11-30T14:00:00Z,2023-11-30T09:03:52.640177762Z,2774,CO2,monitor_task,ESP32-5,urbino,Turing
,,0,2023-11-30T03:00:00Z,2023-11-30T14:00:00Z,2023-11-30T09:09:21.907948845Z,2994,CO2,monitor_task,ESP32-5,urbino,Turing
,,0,2023-11-30T03:00:00Z,2023-11-30T14:00:00Z,2023-11-30T09:14:50.377199999Z,3135,CO2,monitor_task,ESP32-5,urbino,Turing
,,0,2023-11-30T03:00:00Z,2023-11-30T14:00:00Z,2023-11-30T09:20:18.933953044Z,3284,CO2,monitor_task,ESP32-5,urbino,Turing
,,0,2023-11-30T03:00:00Z,2023-11-30T14:00:00Z,2023-11-30T09:25:47.570706019Z,3532,CO2,monitor_task,ESP32-5,urbino,Turing
,,0,2023-11-30T03:00:00Z,2023-11-30T14:00:00Z,2023-11-30T09:31:15.966230686Z,3679,CO2,monitor_task,ESP32-5,urbino,Turing
,,0,2023-11-30T03:00:00Z,2023-11-30T14:00:00Z,2023-11-30T09:36:44.443847419Z,3917,CO2,monitor_task,ESP32-5,urbino,Turing
,,0,2023-11-30T03:00:00Z,2023-11-30T14:00:00Z,2023-11-30T09:42:12.768039005Z,4061,CO2,monitor_task,ESP32-5,urbino,Turing
,,0,2023-11-30T03:00:00Z,2023-11-30T14:00:00Z,2023-11-30T09:47:41.250183742Z,4201,CO2,monitor_task,ESP32-5,urbino,Turing
,,0,2023-11-30T03:00:00Z,2023-11-30T14:00:00Z,2023-11-30T09:53:09.574382735Z,4165,CO2,monitor_task,ESP32-5,urbino,Turing
,,0,2023-11-30T03:00:00Z,2023-11-30T14:00:00Z,2023-11-30T09:58:37.89442585Z,3440,CO2,monitor_task,ESP32-5,urbino,Turing
,,0,2023-11-30T03:00:00Z,2023-11-30T14:00:00Z,2023-11-30T10:04:06.632736194Z,3043,CO2,monitor_task,ESP32-5,urbino,Turing
,,0,2023-11-30T03:00:00Z,2023-11-30T14:00:00Z,2023-11-30T10:09:34.933131741Z,3187,CO2,monitor_task,ESP32-5,urbino,Turing
,,0,2023-11-30T03:00:00Z,2023-11-30T14:00:00Z,2023-11-30T10:15:03.493310587Z,3304,CO2,monitor_task,ESP32-5,urbino,Turing
,,0,2023-11-30T03:00:00Z,2023-11-30T14:00:00Z,2023-11-30T10:20:31.738946165Z,3477,CO2,monitor_task,ESP32-5,urbino,Turing
,,0,2023-11-30T03:00:00Z,2023-11-30T14:00:00Z,2023-11-30T10:26:00.062833275Z,3689,CO2,monitor_task,ESP32-5,urbino,Turing
,,0,2023-11-30T03:00:00Z,2023-11-30T14:00:00Z,2023-11-30T10:31:28.554614549Z,3864,CO2,monitor_task,ESP32-5,urbino,Turing
,,0,2023-11-30T03:00:00Z,2023-11-30T14:00:00Z,2023-11-30T10:36:56.865835275Z,3962,CO2,monitor_task,ESP32-5,urbino,Turing
,,0,2023-11-30T03:00:00Z,2023-11-30T14:00:00Z,2023-11-30T10:42:25.187627499Z,4090,CO2,monitor_task,ESP32-5,urbino,Turing
,,0,2023-11-30T03:00:00Z,2023-11-30T14:00:00Z,2023-11-30T10:47:53.672584059Z,4240,CO2,monitor_task,ESP32-5,urbino,Turing
,,0,2023-11-30T03:00:00Z,2023-11-30T14:00:00Z,2023-11-30T10:53:24.1553155Z,4346,CO2,monitor_task,ESP32-5,urbino,Turing
,,0,2023-11-30T03:00:00Z,2023-11-30T14:00:00Z,2023-11-30T10:58:53.119661904Z,4454,CO2,monitor_task,ESP32-5,urbino,Turing
,,0,2023-11-30T03:00:00Z,2023-11-30T14:00:00Z,2023-11-30T11:04:21.840063113Z,3728,CO2,monitor_task,ESP32-5,urbino,Turing
,,0,2023-11-30T03:00:00Z,2023-11-30T14:00:00Z,2023-11-30T11:09:50.483357115Z,3773,CO2,monitor_task,ESP32-5,urbino,Turing
,,0,2023-11-30T03:00:00Z,2023-11-30T14:00:00Z,2023-11-30T11:15:18.653697901Z,3922,CO2,monitor_task,ESP32-5,urbino,Turing
,,0,2023-11-30T03:00:00Z,2023-11-30T14:00:00Z,2023-11-30T11:20:46.884909402Z,4077,CO2,monitor_task,ESP32-5,urbino,Turing
,,0,2023-11-30T03:00:00Z,2023-11-30T14:00:00Z,2023-11-30T11:26:15.343269695Z,4260,CO2,monitor_task,ESP32-5,urbino,Turing
,,0,2023-11-30T03:00:00Z,2023-11-30T14:00:00Z,2023-11-30T11:31:44.070605143Z,4335,CO2,monitor_task,ESP32-5,urbino,Turing
,,0,2023-11-30T03:00:00Z,2023-11-30T14:00:00Z,2023-11-30T11:37:12.705070969Z,4430,CO2,monitor_task,ESP32-5,urbino,Turing
,,0,2023-11-30T03:00:00Z,2023-11-30T14:00:00Z,2023-11-30T11:42:41.344847074Z,4581,CO2,monitor_task,ESP32-5,urbino,Turing
,,0,2023-11-30T03:00:00Z,2023-11-30T14:00:00Z,2023-11-30T11:48:09.986140365Z,4614,CO2,monitor_task,ESP32-5,urbino,Turing
,,0,2023-11-30T03:00:00Z,2023-11-30T14:00:00Z,2023-11-30T11:53:38.540866942Z,4263,CO2,monitor_task,ESP32-5,urbino,Turing
,,0,2023-11-30T03:00:00Z,2023-11-30T14:00:00Z,2023-11-30T11:59:06.627124759Z,3585,CO2,monitor_task,ESP32-5,urbino,Turing
,,0,2023-11-30T03:00:00Z,2023-11-30T14:00:00Z,2023-11-30T12:04:35.515249365Z,3695,CO2,monitor_task,ESP32-5,urbino,Turing
,,0,2023-11-30T03:00:00Z,2023-11-30T14:00:00Z,2023-11-30T12:10:04.161330944Z,3787,CO2,monitor_task,ESP32-5,urbino,Turing
,,0,2023-11-30T03:00:00Z,2023-11-30T14:00:00Z,2023-11-30T12:15:32.645120222Z,3809,CO2,monitor_task,ESP32-5,urbino,Turing
,,0,2023-11-30T03:00:00Z,2023-11-30T14:00:00Z,2023-11-30T12:21:01.208254768Z,3667,CO2,monitor_task,ESP32-5,urbino,Turing
,,0,2023-11-30T03:00:00Z,2023-11-30T14:00:00Z,2023-11-30T12:26:29.930500335Z,3524,CO2,monitor_task,ESP32-5,urbino,Turing
,,0,2023-11-30T03:00:00Z,2023-11-30T14:00:00Z,2023-11-30T12:31:58.408887319Z,3306,CO2,monitor_task,ESP32-5,urbino,Turing
,,0,2023-11-30T03:00:00Z,2023-11-30T14:00:00Z,2023-11-30T12:37:26.954846301Z,3174,CO2,monitor_task,ESP32-5,urbino,Turing
,,0,2023-11-30T03:00:00Z,2023-11-30T14:00:00Z,2023-11-30T12:42:55.66533879Z,3067,CO2,monitor_task,ESP32-5,urbino,Turing
,,0,2023-11-30T03:00:00Z,2023-11-30T14:00:00Z,2023-11-30T12:48:24.379514105Z,2981,CO2,monitor_task,ESP32-5,urbino,Turing
,,0,2023-11-30T03:00:00Z,2023-11-30T14:00:00Z,2023-11-30T12:53:53.29571253Z,2931,CO2,monitor_task,ESP32-5,urbino,Turing
,,0,2023-11-30T03:00:00Z,2023-11-30T14:00:00Z,2023-11-30T12:59:21.940008541Z,1381,CO2,monitor_task,ESP32-5,urbino,Turing
,,0,2023-11-30T03:00:00Z,2023-11-30T14:00:00Z,2023-11-30T13:04:46.890726641Z,725,CO2,monitor_task,ESP32-5,urbino,Turing
,,0,2023-11-30T03:00:00Z,2023-11-30T14:00:00Z,2023-11-30T13:10:11.218250584Z,598,CO2,monitor_task,ESP32-5,urbino,Turing
,,0,2023-11-30T03:00:00Z,2023-11-30T14:00:00Z,2023-11-30T13:15:35.643369758Z,538,CO2,monitor_task,ESP32-5,urbino,Turing
,,0,2023-11-30T03:00:00Z,2023-11-30T14:00:00Z,2023-11-30T13:21:00.296882404Z,608,CO2,monitor_task,ESP32-5,urbino,Turing
,,0,2023-11-30T03:00:00Z,2023-11-30T14:00:00Z,2023-11-30T13:26:25.097756836Z,676,CO2,monitor_task,ESP32-5,urbino,Turing
,,0,2023-11-30T03:00:00Z,2023-11-30T14:00:00Z,2023-11-30T13:31:50.462133839Z,730,CO2,monitor_task,ESP32-5,urbino,Turing
,,0,2023-11-30T03:00:00Z,2023-11-30T14:00:00Z,2023-11-30T13:37:15.338649237Z,814,CO2,monitor_task,ESP32-5,urbino,Turing
,,0,2023-11-30T03:00:00Z,2023-11-30T14:00:00Z,2023-11-30T13:42:40.13243535Z,867,CO2,monitor_task,ESP32-5,urbino,Turing
,,0,2023-11-30T03:00:00Z,2023-11-30T14:00:00Z,2023-11-30T13:48:04.845496909Z,922,CO2,monitor_task,ESP32-5,urbino,Turing
,,0,2023-11-30T03:00:00Z,2023-11-30T14:00:00Z,2023-11-30T13:53:29.726862233Z,987,CO2,monitor_task,ESP32-5,urbino,Turing
,,0,2023-11-30T03:00:00Z,2023-11-30T14:00:00Z,2023-11-30T13:58:54.678702818Z,1089,CO2,monitor_task,ESP32-5,urbino,Turing

#group,false,false,true,true,false,false,true,true,true,true,true
#datatype,string,long,dateTime:RFC3339,dateTime:RFC3339,dateTime:RFC3339,double,string,string,string,string,string
#default,_result,,,,,,,,,,
,result,table,_start,_stop,_time,_value,_field,_measurement,host,location,room
,,1,2023-11-30T03:00:00Z,2023-11-30T14:00:00Z,2023-11-30T03:01:06.135548043Z,3340,eco2,monitor_task,ESP32-5,urbino,Turing
,,1,2023-11-30T03:00:00Z,2023-11-30T14:00:00Z,2023-11-30T03:06:30.652046627Z,3345,eco2,monitor_task,ESP32-5,urbino,Turing
,,1,2023-11-30T03:00:00Z,2023-11-30T14:00:00Z,2023-11-30T03:11:55.456254708Z,3334,eco2,monitor_task,ESP32-5,urbino,Turing
,,1,2023-11-30T03:00:00Z,2023-11-30T14:00:00Z,2023-11-30T03:17:20.332066316Z,3330,eco2,monitor_task,ESP32-5,urbino,Turing
,,1,2023-11-30T03:00:00Z,2023-11-30T14:00:00Z,2023-11-30T03:22:45.131728251Z,3338,eco2,monitor_task,ESP32-5,urbino,Turing
,,1,2023-11-30T03:00:00Z,2023-11-30T14:00:00Z,2023-11-30T03:28:09.704134588Z,3324,eco2,monitor_task,ESP32-5,urbino,Turing
,,1,2023-11-30T03:00:00Z,2023-11-30T14:00:00Z,2023-11-30T03:33:34.122827382Z,3315,eco2,monitor_task,ESP32-5,urbino,Turing
,,1,2023-11-30T03:00:00Z,2023-11-30T14:00:00Z,2023-11-30T03:38:58.523912754Z,3321,eco2,monitor_task,ESP32-5,urbino,Turing
,,1,2023-11-30T03:00:00Z,2023-11-30T14:00:00Z,2023-11-30T03:44:23.372116994Z,3315,eco2,monitor_task,ESP32-5,urbino,Turing
,,1,2023-11-30T03:00:00Z,2023-11-30T14:00:00Z,2023-11-30T03:49:47.582182302Z,3307,eco2,monitor_task,ESP32-5,urbino,Turing
,,1,2023-11-30T03:00:00Z,2023-11-30T14:00:00Z,2023-11-30T03:55:12.455639491Z,3309,eco2,monitor_task,ESP32-5,urbino,Turing
,,1,2023-11-30T03:00:00Z,2023-11-30T14:00:00Z,2023-11-30T04:00:37.605877073Z,3317,eco2,monitor_task,ESP32-5,urbino,Turing
,,1,2023-11-30T03:00:00Z,2023-11-30T14:00:00Z,2023-11-30T04:06:02.066503189Z,3307,eco2,monitor_task,ESP32-5,urbino,Turing
,,1,2023-11-30T03:00:00Z,2023-11-30T14:00:00Z,2023-11-30T04:11:26.854556404Z,3297,eco2,monitor_task,ESP32-5,urbino,Turing
,,1,2023-11-30T03:00:00Z,2023-11-30T14:00:00Z,2023-11-30T04:16:51.423614875Z,3295,eco2,monitor_task,ESP32-5,urbino,Turing
,,1,2023-11-30T03:00:00Z,2023-11-30T14:00:00Z,2023-11-30T04:22:16.363928716Z,3300,eco2,monitor_task,ESP32-5,urbino,Turing
,,1,2023-11-30T03:00:00Z,2023-11-30T14:00:00Z,2023-11-30T04:27:41.15404958Z,3279,eco2,monitor_task,ESP32-5,urbino,Turing
,,1,2023-11-30T03:00:00Z,2023-11-30T14:00:00Z,2023-11-30T04:33:05.791931014Z,3289,eco2,monitor_task,ESP32-5,urbino,Turing
,,1,2023-11-30T03:00:00Z,2023-11-30T14:00:00Z,2023-11-30T04:38:30.463601873Z,3279,eco2,monitor_task,ESP32-5,urbino,Turing
,,1,2023-11-30T03:00:00Z,2023-11-30T14:00:00Z,2023-11-30T04:43:54.900124906Z,3287,eco2,monitor_task,ESP32-5,urbino,Turing
,,1,2023-11-30T03:00:00Z,2023-11-30T14:00:00Z,2023-11-30T04:49:20.016166535Z,3274,eco2,monitor_task,ESP32-5,urbino,Turing
,,1,2023-11-30T03:00:00Z,2023-11-30T14:00:00Z,2023-11-30T04:54:44.923386973Z,3271,eco2,monitor_task,ESP32-5,urbino,Turing
,,1,2023-11-30T03:00:00Z,2023-11-30T14:00:00Z,2023-11-30T05:00:09.530220487Z,3277,eco2,monitor_task,ESP32-5,urbino,Turing
,,1,2023-11-30T03:00:00Z,2023-11-30T14:00:00Z,2023-11-30T05:05:34.170020645Z,3269,eco2,monitor_task,ESP32-5,urbino,Turing
,,1,2023-11-30T03:00:00Z,2023-11-30T14:00:00Z,2023-11-30T05:10:58.958747944Z,3262,eco2,monitor_task,ESP32-5,urbino,Turing
,,1,2023-11-30T03:00:00Z,2023-11-30T14:00:00Z,2023-11-30T05:16:23.59462444Z,3262,eco2,monitor_task,ESP32-5,urbino,Turing
,,1,2023-11-30T03:00:00Z,2023-11-30T14:00:00Z,2023-11-30T05:21:47.990162537Z,3263,eco2,monitor_task,ESP32-5,urbino,Turing
,,1,2023-11-30T03:00:00Z,2023-11-30T14:00:00Z,2023-11-30T05:27:12.550971063Z,3255,eco2,monitor_task,ESP32-5,urbino,Turing
,,1,2023-11-30T03:00:00Z,2023-11-30T14:00:00Z,2023-11-30T05:32:37.442999339Z,3267,eco2,monitor_task,ESP32-5,urbino,Turing
,,1,2023-11-30T03:00:00Z,2023-11-30T14:00:00Z,2023-11-30T05:38:02.266088836Z,3254,eco2,monitor_task,ESP32-5,urbino,Turing
,,1,2023-11-30T03:00:00Z,2023-11-30T14:00:00Z,2023-11-30T05:43:26.829598767Z,3257,eco2,monitor_task,ESP32-5,urbino,Turing
,,1,2023-11-30T03:00:00Z,2023-11-30T14:00:00Z,2023-11-30T05:48:51.497142865Z,3260,eco2,monitor_task,ESP32-5,urbino,Turing
,,1,2023-11-30T03:00:00Z,2023-11-30T14:00:00Z,2023-11-30T05:54:15.945518642Z,3254,eco2,monitor_task,ESP32-5,urbino,Turing
,,1,2023-11-30T03:00:00Z,2023-11-30T14:00:00Z,2023-11-30T05:59:40.749865764Z,3248,eco2,monitor_task,ESP32-5,urbino,Turing
,,1,2023-11-30T03:00:00Z,2023-11-30T14:00:00Z,2023-11-30T06:05:04.837279132Z,3247,eco2,monitor_task,ESP32-5,urbino,Turing
,,1,2023-11-30T03:00:00Z,2023-11-30T14:00:00Z,2023-11-30T06:10:29.165778373Z,3246,eco2,monitor_task,ESP32-5,urbino,Turing
,,1,2023-11-30T03:00:00Z,2023-11-30T14:00:00Z,2023-11-30T06:15:53.572432378Z,3242,eco2,monitor_task,ESP32-5,urbino,Turing
,,1,2023-11-30T03:00:00Z,2023-11-30T14:00:00Z,2023-11-30T06:21:17.949779926Z,3247,eco2,monitor_task,ESP32-5,urbino,Turing
,,1,2023-11-30T03:00:00Z,2023-11-30T14:00:00Z,2023-11-30T06:26:42.455008999Z,3244,eco2,monitor_task,ESP32-5,urbino,Turing
,,1,2023-11-30T03:00:00Z,2023-11-30T14:00:00Z,2023-11-30T06:32:07.058117148Z,3234,eco2,monitor_task,ESP32-5,urbino,Turing
,,1,2023-11-30T03:00:00Z,2023-11-30T14:00:00Z,2023-11-30T06:37:31.659353431Z,3232,eco2,monitor_task,ESP32-5,urbino,Turing
,,1,2023-11-30T03:00:00Z,2023-11-30T14:00:00Z,2023-11-30T06:42:56.26067634Z,3184,eco2,monitor_task,ESP32-5,urbino,Turing
,,1,2023-11-30T03:00:00Z,2023-11-30T14:00:00Z,2023-11-30T06:48:20.825832183Z,3079,eco2,monitor_task,ESP32-5,urbino,Turing
,,1,2023-11-30T03:00:00Z,2023-11-30T14:00:00Z,2023-11-30T06:53:45.608174453Z,2956,eco2,monitor_task,ESP32-5,urbino,Turing
,,1,2023-11-30T03:00:00Z,2023-11-30T14:00:00Z,2023-11-30T06:59:10.020720901Z,2785,eco2,monitor_task,ESP32-5,urbino,Turing
,,1,2023-11-30T03:00:00Z,2023-11-30T14:00:00Z,2023-11-30T07:04:35.102779944Z,2550,eco2,monitor_task,ESP32-5,urbino,Turing
,,1,2023-11-30T03:00:00Z,2023-11-30T14:00:00Z,2023-11-30T07:09:59.578705766Z,2356,eco2,monitor_task,ESP32-5,urbino,Turing
,,1,2023-11-30T03:00:00Z,2023-11-30T14:00:00Z,2023-11-30T07:15:24.056734945Z,2265,eco2,monitor_task,ESP32-5,urbino,Turing
,,1,2023-11-30T03:00:00Z,2023-11-30T14:00:00Z,2023-11-30T07:20:48.462239954Z,2270,eco2,monitor_task,ESP32-5,urbino,Turing
,,1,2023-11-30T03:00:00Z,2023-11-30T14:00:00Z,2023-11-30T07:26:12.954522068Z,2330,eco2,monitor_task,ESP32-5,urbino,Turing
,,1,2023-11-30T03:00:00Z,2023-11-30T14:00:00Z,2023-11-30T07:31:37.526781402Z,2406,eco2,monitor_task,ESP32-5,urbino,Turing
,,1,2023-11-30T03:00:00Z,2023-11-30T14:00:00Z,2023-11-30T07:37:01.92794101Z,2499,eco2,monitor_task,ESP32-5,urbino,Turing
,,1,2023-11-30T03:00:00Z,2023-11-30T14:00:00Z,2023-11-30T07:42:26.254142088Z,2578,eco2,monitor_task,ESP32-5,urbino,Turing
,,1,2023-11-30T03:00:00Z,2023-11-30T14:00:00Z,2023-11-30T07:47:50.658584671Z,2612,eco2,monitor_task,ESP32-5,urbino,Turing
,,1,2023-11-30T03:00:00Z,2023-11-30T14:00:00Z,2023-11-30T07:53:15.145057492Z,2646,eco2,monitor_task,ESP32-5,urbino,Turing
,,1,2023-11-30T03:00:00Z,2023-11-30T14:00:00Z,2023-11-30T07:58:39.574282609Z,2687,eco2,monitor_task,ESP32-5,urbino,Turing
,,1,2023-11-30T03:00:00Z,2023-11-30T14:00:00Z,2023-11-30T08:04:04.337181298Z,2735,eco2,monitor_task,ESP32-5,urbino,Turing
,,1,2023-11-30T03:00:00Z,2023-11-30T14:00:00Z,2023-11-30T08:09:29.05429118Z,2848,eco2,monitor_task,ESP32-5,urbino,Turing
,,1,2023-11-30T03:00:00Z,2023-11-30T14:00:00Z,2023-11-30T08:14:53.61224968Z,3081,eco2,monitor_task,ESP32-5,urbino,Turing
,,1,2023-11-30T03:00:00Z,2023-11-30T14:00:00Z,2023-11-30T08:20:18.731806295Z,3344,eco2,monitor_task,ESP32-5,urbino,Turing
,,1,2023-11-30T03:00:00Z,2023-11-30T14:00:00Z,2023-11-30T08:25:43.131816651Z,3677,eco2,monitor_task,ESP32-5,urbino,Turing
,,1,2023-11-30T03:00:00Z,2023-11-30T14:00:00Z,2023-11-30T08:31:07.852349267Z,3998,eco2,monitor_task,ESP32-5,urbino,Turing
,,1,2023-11-30T03:00:00Z,2023-11-30T14:00:00Z,2023-11-30T08:36:33.204656499Z,4352,eco2,monitor_task,ESP32-5,urbino,Turing
,,1,2023-11-30T03:00:00Z,2023-11-30T14:00:00Z,2023-11-30T08:41:57.917816543Z,4662,eco2,monitor_task,ESP32-5,urbino,Turing
,,1,2023-11-30T03:00:00Z,2023-11-30T14:00:00Z,2023-11-30T08:47:26.07349553Z,4928,eco2,monitor_task,ESP32-5,urbino,Turing
,,1,2023-11-30T03:00:00Z,2023-11-30T14:00:00Z,2023-11-30T08:52:54.632969786Z,5122,eco2,monitor_task,ESP32-5,urbino,Turing
,,1,2023-11-30T03:00:00Z,2023-11-30T14:00:00Z,2023-11-30T08:58:23.190852863Z,5329,eco2,monitor_task,ESP32-5,urbino,Turing
,,1,2023-11-30T03:00:00Z,2023-11-30T14:00:00Z,2023-11-30T09:03:52.640177762Z,5490,eco2,monitor_task,ESP32-5,urbino,Turing
,,1,2023-11-30T03:00:00Z,2023-11-30T14:00:00Z,2023-11-30T09:09:21.907948845Z,5667,eco2,monitor_task,ESP32-5,urbino,Turing
,,1,2023-11-30T03:00:00Z,2023-11-30T14:00:00Z,2023-11-30T09:14:50.377199999Z,5796,eco2,monitor_task,ESP32-5,urbino,Turing
,,1,2023-11-30T03:00:00Z,2023-11-30T14:00:00Z,2023-11-30T09:20:18.933953044Z,5926,eco2,monitor_task,ESP32-5,urbino,Turing
,,1,2023-11-30T03:00:00Z,2023-11-30T14:00:00Z,2023-11-30T09:25:47.570706019Z,6026,eco2,monitor_task,ESP32-5,urbino,Turing
,,1,2023-11-30T03:00:00Z,2023-11-30T14:00:00Z,2023-11-30T09:31:15.966230686Z,6123,eco2,monitor_task,ESP32-5,urbino,Turing
,,1,2023-11-30T03:00:00Z,2023-11-30T14:00:00Z,2023-11-30T09:36:44.443847419Z,6229,eco2,monitor_task,ESP32-5,urbino,Turing
,,1,2023-11-30T03:00:00Z,2023-11-30T14:00:00Z,2023-11-30T09:42:12.768039005Z,6306,eco2,monitor_task,ESP32-5,urbino,Turing
,,1,2023-11-30T03:00:00Z,2023-11-30T14:00:00Z,2023-11-30T09:47:41.250183742Z,6357,eco2,monitor_task,ESP32-5,urbino,Turing
,,1,2023-11-30T03:00:00Z,2023-11-30T14:00:00Z,2023-11-30T09:53:09.574382735Z,6278,eco2,monitor_task,ESP32-5,urbino,Turing
,,1,2023-11-30T03:00:00Z,2023-11-30T14:00:00Z,2023-11-30T09:58:37.89442585Z,6025,eco2,monitor_task,ESP32-5,urbino,Turing
,,1,2023-11-30T03:00:00Z,2023-11-30T14:00:00Z,2023-11-30T10:04:06.632736194Z,5964,eco2,monitor_task,ESP32-5,urbino,Turing
,,1,2023-11-30T03:00:00Z,2023-11-30T14:00:00Z,2023-11-30T10:09:34.933131741Z,5890,eco2,monitor_task,ESP32-5,urbino,Turing
,,1,2023-11-30T03:00:00Z,2023-11-30T14:00:00Z,2023-11-30T10:15:03.493310587Z,5891,eco2,monitor_task,ESP32-5,urbino,Turing
,,1,2023-11-30T03:00:00Z,2023-11-30T14:00:00Z,2023-11-30T10:20:31.738946165Z,5933,eco2,monitor_task,ESP32-5,urbino,Turing
,,1,2023-11-30T03:00:00Z,2023-11-30T14:00:00Z,2023-11-30T10:26:00.062833275Z,5987,eco2,monitor_task,ESP32-5,urbino,Turing
,,1,2023-11-30T03:00:00Z,2023-11-30T14:00:00Z,2023-11-30T10:31:28.554614549Z,6002,eco2,monitor_task,ESP32-5,urbino,Turing
,,1,2023-11-30T03:00:00Z,2023-11-30T14:00:00Z,2023-11-30T10:36:56.865835275Z,6091,eco2,monitor_task,ESP32-5,urbino,Turing
,,1,2023-11-30T03:00:00Z,2023-11-30T14:00:00Z,2023-11-30T10:42:25.187627499Z,6157,eco2,monitor_task,ESP32-5,urbino,Turing
,,1,2023-11-30T03:00:00Z,2023-11-30T14:00:00Z,2023-11-30T10:47:53.672584059Z,6182,eco2,monitor_task,ESP32-5,urbino,Turing
,,1,2023-11-30T03:00:00Z,2023-11-30T14:00:00Z,2023-11-30T10:53:24.1553155Z,6188,eco2,monitor_task,ESP32-5,urbino,Turing
,,1,2023-11-30T03:00:00Z,2023-11-30T14:00:00Z,2023-11-30T10:58:53.119661904Z,6196,eco2,monitor_task,ESP32-5,urbino,Turing
,,1,2023-11-30T03:00:00Z,2023-11-30T14:00:00Z,2023-11-30T11:04:21.840063113Z,5972,eco2,monitor_task,ESP32-5,urbino,Turing
,,1,2023-11-30T03:00:00Z,2023-11-30T14:00:00Z,2023-11-30T11:09:50.483357115Z,5860,eco2,monitor_task,ESP32-5,urbino,Turing
,,1,2023-11-30T03:00:00Z,2023-11-30T14:00:00Z,2023-11-30T11:15:18.653697901Z,5898,eco2,monitor_task,ESP32-5,urbino,Turing
,,1,2023-11-30T03:00:00Z,2023-11-30T14:00:00Z,2023-11-30T11:20:46.884909402Z,5898,eco2,monitor_task,ESP32-5,urbino,Turing
,,1,2023-11-30T03:00:00Z,2023-11-30T14:00:00Z,2023-11-30T11:26:15.343269695Z,5941,eco2,monitor_task,ESP32-5,urbino,Turing
,,1,2023-11-30T03:00:00Z,2023-11-30T14:00:00Z,2023-11-30T11:31:44.070605143Z,5986,eco2,monitor_task,ESP32-5,urbino,Turing
,,1,2023-11-30T03:00:00Z,2023-11-30T14:00:00Z,2023-11-30T11:37:12.705070969Z,6058,eco2,monitor_task,ESP32-5,urbino,Turing
,,1,2023-11-30T03:00:00Z,2023-11-30T14:00:00Z,2023-11-30T11:42:41.344847074Z,6083,eco2,monitor_task,ESP32-5,urbino,Turing
,,1,2023-11-30T03:00:00Z,2023-11-30T14:00:00Z,2023-11-30T11:48:09.986140365Z,6123,eco2,monitor_task,ESP32-5,urbino,Turing
,,1,2023-11-30T03:00:00Z,2023-11-30T14:00:00Z,2023-11-30T11:53:38.540866942Z,6073,eco2,monitor_task,ESP32-5,urbino,Turing
,,1,2023-11-30T03:00:00Z,2023-11-30T14:00:00Z,2023-11-30T11:59:06.627124759Z,5936,eco2,monitor_task,ESP32-5,urbino,Turing
,,1,2023-11-30T03:00:00Z,2023-11-30T14:00:00Z,2023-11-30T12:04:35.515249365Z,5860,eco2,monitor_task,ESP32-5,urbino,Turing
,,1,2023-11-30T03:00:00Z,2023-11-30T14:00:00Z,2023-11-30T12:10:04.161330944Z,5853,eco2,monitor_task,ESP32-5,urbino,Turing
,,1,2023-11-30T03:00:00Z,2023-11-30T14:00:00Z,2023-11-30T12:15:32.645120222Z,5720,eco2,monitor_task,ESP32-5,urbino,Turing
,,1,2023-11-30T03:00:00Z,2023-11-30T14:00:00Z,2023-11-30T12:21:01.208254768Z,5667,eco2,monitor_task,ESP32-5,urbino,Turing
,,1,2023-11-30T03:00:00Z,2023-11-30T14:00:00Z,2023-11-30T12:26:29.930500335Z,5564,eco2,monitor_task,ESP32-5,urbino,Turing
,,1,2023-11-30T03:00:00Z,2023-11-30T14:00:00Z,2023-11-30T12:31:58.408887319Z,5445,eco2,monitor_task,ESP32-5,urbino,Turing
,,1,2023-11-30T03:00:00Z,2023-11-30T14:00:00Z,2023-11-30T12:37:26.954846301Z,5377,eco2,monitor_task,ESP32-5,urbino,Turing
,,1,2023-11-30T03:00:00Z,2023-11-30T14:00:00Z,2023-11-30T12:42:55.66533879Z,5311,eco2,monitor_task,ESP32-5,urbino,Turing
,,1,2023-11-30T03:00:00Z,2023-11-30T14:00:00Z,2023-11-30T12:48:24.379514105Z,5239,eco2,monitor_task,ESP32-5,urbino,Turing
,,1,2023-11-30T03:00:00Z,2023-11-30T14:00:00Z,2023-11-30T12:53:53.29571253Z,5141,eco2,monitor_task,ESP32-5,urbino,Turing
,,1,2023-11-30T03:00:00Z,2023-11-30T14:00:00Z,2023-11-30T12:59:21.940008541Z,3902,eco2,monitor_task,ESP32-5,urbino,Turing
,,1,2023-11-30T03:00:00Z,2023-11-30T14:00:00Z,2023-11-30T13:04:46.890726641Z,3206,eco2,monitor_task,ESP32-5,urbino,Turing
,,1,2023-11-30T03:00:00Z,2023-11-30T14:00:00Z,2023-11-30T13:10:11.218250584Z,2645,eco2,monitor_task,ESP32-5,urbino,Turing
,,1,2023-11-30T03:00:00Z,2023-11-30T14:00:00Z,2023-11-30T13:15:35.643369758Z,2324,eco2,monitor_task,ESP32-5,urbino,Turing
,,1,2023-11-30T03:00:00Z,2023-11-30T14:00:00Z,2023-11-30T13:21:00.296882404Z,2193,eco2,monitor_task,ESP32-5,urbino,Turing
,,1,2023-11-30T03:00:00Z,2023-11-30T14:00:00Z,2023-11-30T13:26:25.097756836Z,2240,eco2,monitor_task,ESP32-5,urbino,Turing
,,1,2023-11-30T03:00:00Z,2023-11-30T14:00:00Z,2023-11-30T13:31:50.462133839Z,2391,eco2,monitor_task,ESP32-5,urbino,Turing
,,1,2023-11-30T03:00:00Z,2023-11-30T14:00:00Z,2023-11-30T13:37:15.338649237Z,2565,eco2,monitor_task,ESP32-5,urbino,Turing
,,1,2023-11-30T03:00:00Z,2023-11-30T14:00:00Z,2023-11-30T13:42:40.13243535Z,2781,eco2,monitor_task,ESP32-5,urbino,Turing
,,1,2023-11-30T03:00:00Z,2023-11-30T14:00:00Z,2023-11-30T13:48:04.845496909Z,2978,eco2,monitor_task,ESP32-5,urbino,Turing
,,1,2023-11-30T03:00:00Z,2023-11-30T14:00:00Z,2023-11-30T13:53:29.726862233Z,1585,eco2,monitor_task,ESP32-5,urbino,Turing
,,1,2023-11-30T03:00:00Z,2023-11-30T14:00:00Z,2023-11-30T13:58:54.678702818Z,1668,eco2,monitor_task,ESP32-5,urbino,Turing
,,2,2023-11-30T03:00:00Z,2023-11-30T14:00:00Z,2023-11-30T03:01:06.135548043Z,3580,etvco,monitor_task,ESP32-5,urbino,Turing
,,2,2023-11-30T03:00:00Z,2023-11-30T14:00:00Z,2023-11-30T03:06:30.652046627Z,3592,etvco,monitor_task,ESP32-5,urbino,Turing
,,2,2023-11-30T03:00:00Z,2023-11-30T14:00:00Z,2023-11-30T03:11:55.456254708Z,3565,etvco,monitor_task,ESP32-5,urbino,Turing
,,2,2023-11-30T03:00:00Z,2023-11-30T14:00:00Z,2023-11-30T03:17:20.332066316Z,3559,etvco,monitor_task,ESP32-5,urbino,Turing
,,2,2023-11-30T03:00:00Z,2023-11-30T14:00:00Z,2023-11-30T03:22:45.131728251Z,3574,etvco,monitor_task,ESP32-5,urbino,Turing
,,2,2023-11-30T03:00:00Z,2023-11-30T14:00:00Z,2023-11-30T03:28:09.704134588Z,3541,etvco,monitor_task,ESP32-5,urbino,Turing
,,2,2023-11-30T03:00:00Z,2023-11-30T14:00:00Z,2023-11-30T03:33:34.122827382Z,3527,etvco,monitor_task,ESP32-5,urbino,Turing
,,2,2023-11-30T03:00:00Z,2023-11-30T14:00:00Z,2023-11-30T03:38:58.523912754Z,3540,etvco,monitor_task,ESP32-5,urbino,Turing
,,2,2023-11-30T03:00:00Z,2023-11-30T14:00:00Z,2023-11-30T03:44:23.372116994Z,3529,etvco,monitor_task,ESP32-5,urbino,Turing
,,2,2023-11-30T03:00:00Z,2023-11-30T14:00:00Z,2023-11-30T03:49:47.582182302Z,3508,etvco,monitor_task,ESP32-5,urbino,Turing
,,2,2023-11-30T03:00:00Z,2023-11-30T14:00:00Z,2023-11-30T03:55:12.455639491Z,3509,etvco,monitor_task,ESP32-5,urbino,Turing
,,2,2023-11-30T03:00:00Z,2023-11-30T14:00:00Z,2023-11-30T04:00:37.605877073Z,3525,etvco,monitor_task,ESP32-5,urbino,Turing
,,2,2023-11-30T03:00:00Z,2023-11-30T14:00:00Z,2023-11-30T04:06:02.066503189Z,3505,etvco,monitor_task,ESP32-5,urbino,Turing
,,2,2023-11-30T03:00:00Z,2023-11-30T14:00:00Z,2023-11-30T04:11:26.854556404Z,3489,etvco,monitor_task,ESP32-5,urbino,Turing
,,2,2023-11-30T03:00:00Z,2023-11-30T14:00:00Z,2023-11-30T04:16:51.423614875Z,3483,etvco,monitor_task,ESP32-5,urbino,Turing
,,2,2023-11-30T03:00:00Z,2023-11-30T14:00:00Z,2023-11-30T04:22:16.363928716Z,3494,etvco,monitor_task,ESP32-5,urbino,Turing
,,2,2023-11-30T03:00:00Z,2023-11-30T14:00:00Z,2023-11-30T04:27:41.15404958Z,3450,etvco,monitor_task,ESP32-5,urbino,Turing
,,2,2023-11-30T03:00:00Z,2023-11-30T14:00:00Z,2023-11-30T04:33:05.791931014Z,3467,etvco,monitor_task,ESP32-5,urbino,Turing
,,2,2023-11-30T03:00:00Z,2023-11-30T14:00:00Z,2023-11-30T04:38:30.463601873Z,3450,etvco,monitor_task,ESP32-5,urbino,Turing
,,2,2023-11-30T03:00:00Z,2023-11-30T14:00:00Z,2023-11-30T04:43:54.900124906Z,3464,etvco,monitor_task,ESP32-5,urbino,Turing
,,2,2023-11-30T03:00:00Z,2023-11-30T14:00:00Z,2023-11-30T04:49:20.016166535Z,3440,etvco,monitor_task,ESP32-5,urbino,Turing
,,2,2023-11-30T03:00:00Z,2023-11-30T14:00:00Z,2023-11-30T04:54:44.923386973Z,3437,etvco,monitor_task,ESP32-5,urbino,Turing
,,2,2023-11-30T03:00:00Z,2023-11-30T14:00:00Z,2023-11-30T05:00:09.530220487Z,3449,etvco,monitor_task,ESP32-5,urbino,Turing
,,2,2023-11-30T03:00:00Z,2023-11-30T14:00:00Z,2023-11-30T05:05:34.170020645Z,3429,etvco,monitor_task,ESP32-5,urbino,Turing
,,2,2023-11-30T03:00:00Z,2023-11-30T14:00:00Z,2023-11-30T05:10:58.958747944Z,3417,etvco,monitor_task,ESP32-5,urbino,Turing
,,2,2023-11-30T03:00:00Z,2023-11-30T14:00:00Z,2023-11-30T05:16:23.59462444Z,3418,etvco,monitor_task,ESP32-5,urbino,Turing
,,2,2023-11-30T03:00:00Z,2023-11-30T14:00:00Z,2023-11-30T05:21:47.990162537Z,3421,etvco,monitor_task,ESP32-5,urbino,Turing
,,2,2023-11-30T03:00:00Z,2023-11-30T14:00:00Z,2023-11-30T05:27:12.550971063Z,3400,etvco,monitor_task,ESP32-5,urbino,Turing
,,2,2023-11-30T03:00:00Z,2023-11-30T14:00:00Z,2023-11-30T05:32:37.442999339Z,3429,etvco,monitor_task,ESP32-5,urbino,Turing
,,2,2023-11-30T03:00:00Z,2023-11-30T14:00:00Z,2023-11-30T05:38:02.266088836Z,3398,etvco,monitor_task,ESP32-5,urbino,Turing
,,2,2023-11-30T03:00:00Z,2023-11-30T14:00:00Z,2023-11-30T05:43:26.829598767Z,3402,etvco,monitor_task,ESP32-5,urbino,Turing
,,2,2023-11-30T03:00:00Z,2023-11-30T14:00:00Z,2023-11-30T05:48:51.497142865Z,3406,etvco,monitor_task,ESP32-5,urbino,Turing
,,2,2023-11-30T03:00:00Z,2023-11-30T14:00:00Z,2023-11-30T05:54:15.945518642Z,3395,etvco,monitor_task,ESP32-5,urbino,Turing
,,2,2023-11-30T03:00:00Z,2023-11-30T14:00:00Z,2023-11-30T05:59:40.749865764Z,3380,etvco,monitor_task,ESP32-5,urbino,Turing
,,2,2023-11-30T03:00:00Z,2023-11-30T14:00:00Z,2023-11-30T06:05:04.837279132Z,3379,etvco,monitor_task,ESP32-5,urbino,Turing
,,2,2023-11-30T03:00:00Z,2023-11-30T14:00:00Z,2023-11-30T06:10:29.165778373Z,3376,etvco,monitor_task,ESP32-5,urbino,Turing
,,2,2023-11-30T03:00:00Z,2023-11-30T14:00:00Z,2023-11-30T06:15:53.572432378Z,3372,etvco,monitor_task,ESP32-5,urbino,Turing
,,2,2023-11-30T03:00:00Z,2023-11-30T14:00:00Z,2023-11-30T06:21:17.949779926Z,3381,etvco,monitor_task,ESP32-5,urbino,Turing
,,2,2023-11-30T03:00:00Z,2023-11-30T14:00:00Z,2023-11-30T06:26:42.455008999Z,3376,etvco,monitor_task,ESP32-5,urbino,Turing
,,2,2023-11-30T03:00:00Z,2023-11-30T14:00:00Z,2023-11-30T06:32:07.058117148Z,3356,etvco,monitor_task,ESP32-5,urbino,Turing
,,2,2023-11-30T03:00:00Z,2023-11-30T14:00:00Z,2023-11-30T06:37:31.659353431Z,3353,etvco,monitor_task,ESP32-5,urbino,Turing
,,2,2023-11-30T03:00:00Z,2023-11-30T14:00:00Z,2023-11-30T06:42:56.26067634Z,3239,etvco,monitor_task,ESP32-5,urbino,Turing
,,2,2023-11-30T03:00:00Z,2023-11-30T14:00:00Z,2023-11-30T06:48:20.825832183Z,3021,etvco,monitor_task,ESP32-5,urbino,Turing
,,2,2023-11-30T03:00:00Z,2023-11-30T14:00:00Z,2023-11-30T06:53:45.608174453Z,2754,etvco,monitor_task,ESP32-5,urbino,Turing
,,2,2023-11-30T03:00:00Z,2023-11-30T14:00:00Z,2023-11-30T06:59:10.020720901Z,2402,etvco,monitor_task,ESP32-5,urbino,Turing
,,2,2023-11-30T03:00:00Z,2023-11-30T14:00:00Z,2023-11-30T07:04:35.102779944Z,1887,etvco,monitor_task,ESP32-5,urbino,Turing
,,2,2023-11-30T03:00:00Z,2023-11-30T14:00:00Z,2023-11-30T07:09:59.578705766Z,1475,etvco,monitor_task,ESP32-5,urbino,Turing
,,2,2023-11-30T03:00:00Z,2023-11-30T14:00:00Z,2023-11-30T07:15:24.056734945Z,1279,etvco,monitor_task,ESP32-5,urbino,Turing
,,2,2023-11-30T03:00:00Z,2023-11-30T14:00:00Z,2023-11-30T07:20:48.462239954Z,1288,etvco,monitor_task,ESP32-5,urbino,Turing
,,2,2023-11-30T03:00:00Z,2023-11-30T14:00:00Z,2023-11-30T07:26:12.954522068Z,1420,etvco,monitor_task,ESP32-5,urbino,Turing
,,2,2023-11-30T03:00:00Z,2023-11-30T14:00:00Z,2023-11-30T07:31:37.526781402Z,1585,etvco,monitor_task,ESP32-5,urbino,Turing
,,2,2023-11-30T03:00:00Z,2023-11-30T14:00:00Z,2023-11-30T07:37:01.92794101Z,1775,etvco,monitor_task,ESP32-5,urbino,Turing
,,2,2023-11-30T03:00:00Z,2023-11-30T14:00:00Z,2023-11-30T07:42:26.254142088Z,1949,etvco,monitor_task,ESP32-5,urbino,Turing
,,2,2023-11-30T03:00:00Z,2023-11-30T14:00:00Z,2023-11-30T07:47:50.658584671Z,2024,etvco,monitor_task,ESP32-5,urbino,Turing
,,2,2023-11-30T03:00:00Z,2023-11-30T14:00:00Z,2023-11-30T07:53:15.145057492Z,2096,etvco,monitor_task,ESP32-5,urbino,Turing
,,2,2023-11-30T03:00:00Z,2023-11-30T14:00:00Z,2023-11-30T07:58:39.574282609Z,2181,etvco,monitor_task,ESP32-5,urbino,Turing
,,2,2023-11-30T03:00:00Z,2023-11-30T14:00:00Z,2023-11-30T08:04:04.337181298Z,2301,etvco,monitor_task,ESP32-5,urbino,Turing
,,2,2023-11-30T03:00:00Z,2023-11-30T14:00:00Z,2023-11-30T08:09:29.05429118Z,2535,etvco,monitor_task,ESP32-5,urbino,Turing
,,2,2023-11-30T03:00:00Z,2023-11-30T14:00:00Z,2023-11-30T08:14:53.61224968Z,3017,etvco,monitor_task,ESP32-5,urbino,Turing
,,2,2023-11-30T03:00:00Z,2023-11-30T14:00:00Z,2023-11-30T08:20:18.731806295Z,3588,etvco,monitor_task,ESP32-5,urbino,Turing
,,2,2023-11-30T03:00:00Z,2023-11-30T14:00:00Z,2023-11-30T08:25:43.131816651Z,4296,etvco,monitor_task,ESP32-5,urbino,Turing
,,2,2023-11-30T03:00:00Z,2023-11-30T14:00:00Z,2023-11-30T08:31:07.852349267Z,5001,etvco,monitor_task,ESP32-5,urbino,Turing
,,2,2023-11-30T03:00:00Z,2023-11-30T14:00:00Z,2023-11-30T08:36:33.204656499Z,5742,etvco,monitor_task,ESP32-5,urbino,Turing
,,2,2023-11-30T03:00:00Z,2023-11-30T14:00:00Z,2023-11-30T08:41:57.917816543Z,6409,etvco,monitor_task,ESP32-5,urbino,Turing
,,2,2023-11-30T03:00:00Z,2023-11-30T14:00:00Z,2023-11-30T08:47:26.07349553Z,6954,etvco,monitor_task,ESP32-5,urbino,Turing
,,2,2023-11-30T03:00:00Z,2023-11-30T14:00:00Z,2023-11-30T08:52:54.632969786Z,7374,etvco,monitor_task,ESP32-5,urbino,Turing
,,2,2023-11-30T03:00:00Z,2023-11-30T14:00:00Z,2023-11-30T08:58:23.190852863Z,7823,etvco,monitor_task,ESP32-5,urbino,Turing
,,2,2023-11-30T03:00:00Z,2023-11-30T14:00:00Z,2023-11-30T09:03:52.640177762Z,8199,etvco,monitor_task,ESP32-5,urbino,Turing
,,2,2023-11-30T03:00:00Z,2023-11-30T14:00:00Z,2023-11-30T09:09:21.907948845Z,8567,etvco,monitor_task,ESP32-5,urbino,Turing
,,2,2023-11-30T03:00:00Z,2023-11-30T14:00:00Z,2023-11-30T09:14:50.377199999Z,8835,etvco,monitor_task,ESP32-5,urbino,Turing
,,2,2023-11-30T03:00:00Z,2023-11-30T14:00:00Z,2023-11-30T09:20:18.933953044Z,9106,etvco,monitor_task,ESP32-5,urbino,Turing
,,2,2023-11-30T03:00:00Z,2023-11-30T14:00:00Z,2023-11-30T09:25:47.570706019Z,9315,etvco,monitor_task,ESP32-5,urbino,Turing
,,2,2023-11-30T03:00:00Z,2023-11-30T14:00:00Z,2023-11-30T09:31:15.966230686Z,9520,etvco,monitor_task,ESP32-5,urbino,Turing
,,2,2023-11-30T03:00:00Z,2023-11-30T14:00:00Z,2023-11-30T09:36:44.443847419Z,9756,etvco,monitor_task,ESP32-5,urbino,Turing
,,2,2023-11-30T03:00:00Z,2023-11-30T14:00:00Z,2023-11-30T09:42:12.768039005Z,9904,etvco,monitor_task,ESP32-5,urbino,Turing
,,2,2023-11-30T03:00:00Z,2023-11-30T14:00:00Z,2023-11-30T09:47:41.250183742Z,10016,etvco,monitor_task,ESP32-5,urbino,Turing
,,2,2023-11-30T03:00:00Z,2023-11-30T14:00:00Z,2023-11-30T09:53:09.574382735Z,9858,etvco,monitor_task,ESP32-5,urbino,Turing
,,2,2023-11-30T03:00:00Z,2023-11-30T14:00:00Z,2023-11-30T09:58:37.89442585Z,9318,etvco,monitor_task,ESP32-5,urbino,Turing
,,2,2023-11-30T03:00:00Z,2023-11-30T14:00:00Z,2023-11-30T10:04:06.632736194Z,9191,etvco,monitor_task,ESP32-5,urbino,Turing
,,2,2023-11-30T03:00:00Z,2023-11-30T14:00:00Z,2023-11-30T10:09:34.933131741Z,9027,etvco,monitor_task,ESP32-5,urbino,Turing
,,2,2023-11-30T03:00:00Z,2023-11-30T14:00:00Z,2023-11-30T10:15:03.493310587Z,9032,etvco,monitor_task,ESP32-5,urbino,Turing
,,2,2023-11-30T03:00:00Z,2023-11-30T14:00:00Z,2023-11-30T10:20:31.738946165Z,9121,etvco,monitor_task,ESP32-5,urbino,Turing
,,2,2023-11-30T03:00:00Z,2023-11-30T14:00:00Z,2023-11-30T10:26:00.062833275Z,9240,etvco,monitor_task,ESP32-5,urbino,Turing
,,2,2023-11-30T03:00:00Z,2023-11-30T14:00:00Z,2023-11-30T10:31:28.554614549Z,9268,etvco,monitor_task,ESP32-5,urbino,Turing
,,2,2023-11-30T03:00:00Z,2023-11-30T14:00:00Z,2023-11-30T10:36:56.865835275Z,9458,etvco,monitor_task,ESP32-5,urbino,Turing
,,2,2023-11-30T03:00:00Z,2023-11-30T14:00:00Z,2023-11-30T10:42:25.187627499Z,9590,etvco,monitor_task,ESP32-5,urbino,Turing
,,2,2023-11-30T03:00:00Z,2023-11-30T14:00:00Z,2023-11-30T10:47:53.672584059Z,9654,etvco,monitor_task,ESP32-5,urbino,Turing
,,2,2023-11-30T03:00:00Z,2023-11-30T14:00:00Z,2023-11-30T10:53:24.1553155Z,9664,etvco,monitor_task,ESP32-5,urbino,Turing
,,2,2023-11-30T03:00:00Z,2023-11-30T14:00:00Z,2023-11-30T10:58:53.119661904Z,9679,etvco,monitor_task,ESP32-5,urbino,Turing
,,2,2023-11-30T03:00:00Z,2023-11-30T14:00:00Z,2023-11-30T11:04:21.840063113Z,9208,etvco,monitor_task,ESP32-5,urbino,Turing
,,2,2023-11-30T03:00:00Z,2023-11-30T14:00:00Z,2023-11-30T11:09:50.483357115Z,8953,etvco,monitor_task,ESP32-5,urbino,Turing
,,2,2023-11-30T03:00:00Z,2023-11-30T14:00:00Z,2023-11-30T11:15:18.653697901Z,9044,etvco,monitor_task,ESP32-5,urbino,Turing
,,2,2023-11-30T03:00:00Z,2023-11-30T14:00:00Z,2023-11-30T11:20:46.884909402Z,9044,etvco,monitor_task,ESP32-5,urbino,Turing
,,2,2023-11-30T03:00:00Z,2023-11-30T14:00:00Z,2023-11-30T11:26:15.343269695Z,9138,etvco,monitor_task,ESP32-5,urbino,Turing
,,2,2023-11-30T03:00:00Z,2023-11-30T14:00:00Z,2023-11-30T11:31:44.070605143Z,9233,etvco,monitor_task,ESP32-5,urbino,Turing
,,2,2023-11-30T03:00:00Z,2023-11-30T14:00:00Z,2023-11-30T11:37:12.705070969Z,9378,etvco,monitor_task,ESP32-5,urbino,Turing
,,2,2023-11-30T03:00:00Z,2023-11-30T14:00:00Z,2023-11-30T11:42:41.344847074Z,9438,etvco,monitor_task,ESP32-5,urbino,Turing
,,2,2023-11-30T03:00:00Z,2023-11-30T14:00:00Z,2023-11-30T11:48:09.986140365Z,9523,etvco,monitor_task,ESP32-5,urbino,Turing
,,2,2023-11-30T03:00:00Z,2023-11-30T14:00:00Z,2023-11-30T11:53:38.540866942Z,9413,etvco,monitor_task,ESP32-5,urbino,Turing
,,2,2023-11-30T03:00:00Z,2023-11-30T14:00:00Z,2023-11-30T11:59:06.627124759Z,9130,etvco,monitor_task,ESP32-5,urbino,Turing
,,2,2023-11-30T03:00:00Z,2023-11-30T14:00:00Z,2023-11-30T12:04:35.515249365Z,8953,etvco,monitor_task,ESP32-5,urbino,Turing
,,2,2023-11-30T03:00:00Z,2023-11-30T14:00:00Z,2023-11-30T12:10:04.161330944Z,8941,etvco,monitor_task,ESP32-5,urbino,Turing
,,2,2023-11-30T03:00:00Z,2023-11-30T14:00:00Z,2023-11-30T12:15:32.645120222Z,8685,etvco,monitor_task,ESP32-5,urbino,Turing
,,2,2023-11-30T03:00:00Z,2023-11-30T14:00:00Z,2023-11-30T12:21:01.208254768Z,8567,etvco,monitor_task,ESP32-5,urbino,Turing
,,2,2023-11-30T03:00:00Z,2023-11-30T14:00:00Z,2023-11-30T12:26:29.930500335Z,8339,etvco,monitor_task,ESP32-5,urbino,Turing
,,2,2023-11-30T03:00:00Z,2023-11-30T14:00:00Z,2023-11-30T12:31:58.408887319Z,8097,etvco,monitor_task,ESP32-5,urbino,Turing
,,2,2023-11-30T03:00:00Z,2023-11-30T14:00:00Z,2023-11-30T12:37:26.954846301Z,7918,etvco,monitor_task,ESP32-5,urbino,Turing
,,2,2023-11-30T03:00:00Z,2023-11-30T14:00:00Z,2023-11-30T12:42:55.66533879Z,7788,etvco,monitor_task,ESP32-5,urbino,Turing
,,2,2023-11-30T03:00:00Z,2023-11-30T14:00:00Z,2023-11-30T12:48:24.379514105Z,7639,etvco,monitor_task,ESP32-5,urbino,Turing
,,2,2023-11-30T03:00:00Z,2023-11-30T14:00:00Z,2023-11-30T12:53:53.29571253Z,7418,etvco,monitor_task,ESP32-5,urbino,Turing
,,2,2023-11-30T03:00:00Z,2023-11-30T14:00:00Z,2023-11-30T12:59:21.940008541Z,4795,etvco,monitor_task,ESP32-5,urbino,Turing
,,2,2023-11-30T03:00:00Z,2023-11-30T14:00:00Z,2023-11-30T13:04:46.890726641Z,3291,etvco,monitor_task,ESP32-5,urbino,Turing
,,2,2023-11-30T03:00:00Z,2023-11-30T14:00:00Z,2023-11-30T13:10:11.218250584Z,2092,etvco,monitor_task,ESP32-5,urbino,Turing
,,2,2023-11-30T03:00:00Z,2023-11-30T14:00:00Z,2023-11-30T13:15:35.643369758Z,1409,etvco,monitor_task,ESP32-5,urbino,Turing
,,2,2023-11-30T03:00:00Z,2023-11-30T14:00:00Z,2023-11-30T13:21:00.296882404Z,1129,etvco,monitor_task,ESP32-5,urbino,Turing
,,2,2023-11-30T03:00:00Z,2023-11-30T14:00:00Z,2023-11-30T13:26:25.097756836Z,1223,etvco,monitor_task,ESP32-5,urbino,Turing
,,2,2023-11-30T03:00:00Z,2023-11-30T14:00:00Z,2023-11-30T13:31:50.462133839Z,1550,etvco,monitor_task,ESP32-5,urbino,Turing
,,2,2023-11-30T03:00:00Z,2023-11-30T14:00:00Z,2023-11-30T13:37:15.338649237Z,1919,etvco,monitor_task,ESP32-5,urbino,Turing
,,2,2023-11-30T03:00:00Z,2023-11-30T14:00:00Z,2023-11-30T13:42:40.13243535Z,2393,etvco,monitor_task,ESP32-5,urbino,Turing
,,2,2023-11-30T03:00:00Z,2023-11-30T14:00:00Z,2023-11-30T13:48:04.845496909Z,2804,etvco,monitor_task,ESP32-5,urbino,Turing
,,2,2023-11-30T03:00:00Z,2023-11-30T14:00:00Z,2023-11-30T13:53:29.726862233Z,233,etvco,monitor_task,ESP32-5,urbino,Turing
,,2,2023-11-30T03:00:00Z,2023-11-30T14:00:00Z,2023-11-30T13:58:54.678702818Z,307,etvco,monitor_task,ESP32-5,urbino,Turing
,,3,2023-11-30T03:00:00Z,2023-11-30T14:00:00Z,2023-11-30T03:01:06.135548043Z,35,humidity,monitor_task,ESP32-5,urbino,Turing
,,3,2023-11-30T03:00:00Z,2023-11-30T14:00:00Z,2023-11-30T03:06:30.652046627Z,35,humidity,monitor_task,ESP32-5,urbino,Turing
,,3,2023-11-30T03:00:00Z,2023-11-30T14:00:00Z,2023-11-30T03:11:55.456254708Z,35,humidity,monitor_task,ESP32-5,urbino,Turing
,,3,2023-11-30T03:00:00Z,2023-11-30T14:00:00Z,2023-11-30T03:17:20.332066316Z,35,humidity,monitor_task,ESP32-5,urbino,Turing
,,3,2023-11-30T03:00:00Z,2023-11-30T14:00:00Z,2023-11-30T03:22:45.131728251Z,35,humidity,monitor_task,ESP32-5,urbino,Turing
,,3,2023-11-30T03:00:00Z,2023-11-30T14:00:00Z,2023-11-30T03:28:09.704134588Z,35,humidity,monitor_task,ESP32-5,urbino,Turing
,,3,2023-11-30T03:00:00Z,2023-11-30T14:00:00Z,2023-11-30T03:33:34.122827382Z,35,humidity,monitor_task,ESP32-5,urbino,Turing
,,3,2023-11-30T03:00:00Z,2023-11-30T14:00:00Z,2023-11-30T03:38:58.523912754Z,35,humidity,monitor_task,ESP32-5,urbino,Turing
,,3,2023-11-30T03:00:00Z,2023-11-30T14:00:00Z,2023-11-30T03:44:23.372116994Z,35,humidity,monitor_task,ESP32-5,urbino,Turing
,,3,2023-11-30T03:00:00Z,2023-11-30T14:00:00Z,2023-11-30T03:49:47.582182302Z,35,humidity,monitor_task,ESP32-5,urbino,Turing
,,3,2023-11-30T03:00:00Z,2023-11-30T14:00:00Z,2023-11-30T03:55:12.455639491Z,35,humidity,monitor_task,ESP32-5,urbino,Turing
,,3,2023-11-30T03:00:00Z,2023-11-30T14:00:00Z,2023-11-30T04:00:37.605877073Z,35,humidity,monitor_task,ESP32-5,urbino,Turing
,,3,2023-11-30T03:00:00Z,2023-11-30T14:00:00Z,2023-11-30T04:06:02.066503189Z,35,humidity,monitor_task,ESP32-5,urbino,Turing
,,3,2023-11-30T03:00:00Z,2023-11-30T14:00:00Z,2023-11-30T04:11:26.854556404Z,35,humidity,monitor_task,ESP32-5,urbino,Turing
,,3,2023-11-30T03:00:00Z,2023-11-30T14:00:00Z,2023-11-30T04:16:51.423614875Z,35,humidity,monitor_task,ESP32-5,urbino,Turing
,,3,2023-11-30T03:00:00Z,2023-11-30T14:00:00Z,2023-11-30T04:22:16.363928716Z,35,humidity,monitor_task,ESP32-5,urbino,Turing
,,3,2023-11-30T03:00:00Z,2023-11-30T14:00:00Z,2023-11-30T04:27:41.15404958Z,35,humidity,monitor_task,ESP32-5,urbino,Turing
,,3,2023-11-30T03:00:00Z,2023-11-30T14:00:00Z,2023-11-30T04:33:05.791931014Z,35,humidity,monitor_task,ESP32-5,urbino,Turing
,,3,2023-11-30T03:00:00Z,2023-11-30T14:00:00Z,2023-11-30T04:38:30.463601873Z,35,humidity,monitor_task,ESP32-5,urbino,Turing
,,3,2023-11-30T03:00:00Z,2023-11-30T14:00:00Z,2023-11-30T04:43:54.900124906Z,35,humidity,monitor_task,ESP32-5,urbino,Turing
,,3,2023-11-30T03:00:00Z,2023-11-30T14:00:00Z,2023-11-30T04:49:20.016166535Z,36,humidity,monitor_task,ESP32-5,urbino,Turing
,,3,2023-11-30T03:00:00Z,2023-11-30T14:00:00Z,2023-11-30T04:54:44.923386973Z,35,humidity,monitor_task,ESP32-5,urbino,Turing
,,3,2023-11-30T03:00:00Z,2023-11-30T14:00:00Z,2023-11-30T05:00:09.530220487Z,36,humidity,monitor_task,ESP32-5,urbino,Turing
,,3,2023-11-30T03:00:00Z,2023-11-30T14:00:00Z,2023-11-30T05:05:34.170020645Z,35,humidity,monitor_task,ESP32-5,urbino,Turing
,,3,2023-11-30T03:00:00Z,2023-11-30T14:00:00Z,2023-11-30T05:10:58.958747944Z,36,humidity,monitor_task,ESP32-5,urbino,Turing
,,3,2023-11-30T03:00:00Z,2023-11-30T14:00:00Z,2023-11-30T05:16:23.59462444Z,36,humidity,monitor_task,ESP32-5,urbino,Turing
,,3,2023-11-30T03:00:00Z,2023-11-30T14:00:00Z,2023-11-30T05:21:47.990162537Z,36,humidity,monitor_task,ESP32-5,urbino,Turing
,,3,2023-11-30T03:00:00Z,2023-11-30T14:00:00Z,2023-11-30T05:27:12.550971063Z,35,humidity,monitor_task,ESP32-5,urbino,Turing
,,3,2023-11-30T03:00:00Z,2023-11-30T14:00:00Z,2023-11-30T05:32:37.442999339Z,36,humidity,monitor_task,ESP32-5,urbino,Turing
,,3,2023-11-30T03:00:00Z,2023-11-30T14:00:00Z,2023-11-30T05:38:02.266088836Z,36,humidity,monitor_task,ESP32-5,urbino,Turing
,,3,2023-11-30T03:00:00Z,2023-11-30T14:00:00Z,2023-11-30T05:43:26.829598767Z,36,humidity,monitor_task,ESP32-5,urbino,Turing
,,3,2023-11-30T03:00:00Z,2023-11-30T14:00:00Z,2023-11-30T05:48:51.497142865Z,36,humidity,monitor_task,ESP32-5,urbino,Turing
,,3,2023-11-30T03:00:00Z,2023-11-30T14:00:00Z,2023-11-30T05:54:15.945518642Z,36,humidity,monitor_task,ESP32-5,urbino,Turing
,,3,2023-11-30T03:00:00Z,2023-11-30T14:00:00Z,2023-11-30T05:59:40.749865764Z,36,humidity,monitor_task,ESP32-5,urbino,Turing
,,3,2023-11-30T03:00:00Z,2023-11-30T14:00:00Z,2023-11-30T06:05:04.837279132Z,36,humidity,monitor_task,ESP32-5,urbino,Turing
,,3,2023-11-30T03:00:00Z,2023-11-30T14:00:00Z,2023-11-30T06:10:29.165778373Z,36,humidity,monitor_task,ESP32-5,urbino,Turing
,,3,2023-11-30T03:00:00Z,2023-11-30T14:00:00Z,2023-11-30T06:15:53.572432378Z,36,humidity,monitor_task,ESP32-5,urbino,Turing
,,3,2023-11-30T03:00:00Z,2023-11-30T14:00:00Z,2023-11-30T06:21:17.949779926Z,36,humidity,monitor_task,ESP32-5,urbino,Turing
,,3,2023-11-30T03:00:00Z,2023-11-30T14:00:00Z,2023-11-30T06:26:42.455008999Z,36,humidity,monitor_task,ESP32-5,urbino,Turing
,,3,2023-11-30T03:00:00Z,2023-11-30T14:00:00Z,2023-11-30T06:32:07.058117148Z,36,humidity,monitor_task,ESP32-5,urbino,Turing
,,3,2023-11-30T03:00:00Z,2023-11-30T14:00:00Z,2023-11-30T06:37:31.659353431Z,35,humidity,monitor_task,ESP32-5,urbino,Turing
,,3,2023-11-30T03:00:00Z,2023-11-30T14:00:00Z,2023-11-30T06:42:56.26067634Z,34,humidity,monitor_task,ESP32-5,urbino,Turing
,,3,2023-11-30T03:00:00Z,2023-11-30T14:00:00Z,2023-11-30T06:48:20.825832183Z,34,humidity,monitor_task,ESP32-5,urbino,Turing
,,3,2023-11-30T03:00:00Z,2023-11-30T14:00:00Z,2023-11-30T06:53:45.608174453Z,34,humidity,monitor_task,ESP32-5,urbino,Turing
,,3,2023-11-30T03:00:00Z,2023-11-30T14:00:00Z,2023-11-30T06:59:10.020720901Z,34,humidity,monitor_task,ESP32-5,urbino,Turing
,,3,2023-11-30T03:00:00Z,2023-11-30T14:00:00Z,2023-11-30T07:04:35.102779944Z,34,humidity,monitor_task,ESP32-5,urbino,Turing
,,3,2023-11-30T03:00:00Z,2023-11-30T14:00:00Z,2023-11-30T07:09:59.578705766Z,34,humidity,monitor_task,ESP32-5,urbino,Turing
,,3,2023-11-30T03:00:00Z,2023-11-30T14:00:00Z,2023-11-30T07:15:24.056734945Z,34,humidity,monitor_task,ESP32-5,urbino,Turing
,,3,2023-11-30T03:00:00Z,2023-11-30T14:00:00Z,2023-11-30T07:20:48.462239954Z,34,humidity,monitor_task,ESP32-5,urbino,Turing
,,3,2023-11-30T03:00:00Z,2023-11-30T14:00:00Z,2023-11-30T07:26:12.954522068Z,34,humidity,monitor_task,ESP32-5,urbino,Turing
,,3,2023-11-30T03:00:00Z,2023-11-30T14:00:00Z,2023-11-30T07:31:37.526781402Z,34,humidity,monitor_task,ESP32-5,urbino,Turing
,,3,2023-11-30T03:00:00Z,2023-11-30T14:00:00Z,2023-11-30T07:37:01.92794101Z,34,humidity,monitor_task,ESP32-5,urbino,Turing
,,3,2023-11-30T03:00:00Z,2023-11-30T14:00:00Z,2023-11-30T07:42:26.254142088Z,34,humidity,monitor_task,ESP32-5,urbino,Turing
,,3,2023-11-30T03:00:00Z,2023-11-30T14:00:00Z,2023-11-30T07:47:50.658584671Z,34,humidity,monitor_task,ESP32-5,urbino,Turing
,,3,2023-11-30T03:00:00Z,2023-11-30T14:00:00Z,2023-11-30T07:53:15.145057492Z,34,humidity,monitor_task,ESP32-5,urbino,Turing
,,3,2023-11-30T03:00:00Z,2023-11-30T14:00:00Z,2023-11-30T07:58:39.574282609Z,34,humidity,monitor_task,ESP32-5,urbino,Turing
,,3,2023-11-30T03:00:00Z,2023-11-30T14:00:00Z,2023-11-30T08:04:04.337181298Z,35,humidity,monitor_task,ESP32-5,urbino,Turing
,,3,2023-11-30T03:00:00Z,2023-11-30T14:00:00Z,2023-11-30T08:09:29.05429118Z,36,humidity,monitor_task,ESP32-5,urbino,Turing
,,3,2023-11-30T03:00:00Z,2023-11-30T14:00:00Z,2023-11-30T08:14:53.61224968Z,39,humidity,monitor_task,ESP32-5,urbino,Turing
,,3,2023-11-30T03:00:00Z,2023-11-30T14:00:00Z,2023-11-30T08:20:18.731806295Z,40,humidity,monitor_task,ESP32-5,urbino,Turing
,,3,2023-11-30T03:00:00Z,2023-11-30T14:00:00Z,2023-11-30T08:25:43.131816651Z,41,humidity,monitor_task,ESP32-5,urbino,Turing
,,3,2023-11-30T03:00:00Z,2023-11-30T14:00:00Z,2023-11-30T08:31:07.852349267Z,43,humidity,monitor_task,ESP32-5,urbino,Turing
,,3,2023-11-30T03:00:00Z,2023-11-30T14:00:00Z,2023-11-30T08:36:33.204656499Z,44,humidity,monitor_task,ESP32-5,urbino,Turing
,,3,2023-11-30T03:00:00Z,2023-11-30T14:00:00Z,2023-11-30T08:41:57.917816543Z,44,humidity,monitor_task,ESP32-5,urbino,Turing
,,3,2023-11-30T03:00:00Z,2023-11-30T14:00:00Z,2023-11-30T08:47:26.07349553Z,45,humidity,monitor_task,ESP32-5,urbino,Turing
,,3,2023-11-30T03:00:00Z,2023-11-30T14:00:00Z,2023-11-30T08:52:54.632969786Z,46,humidity,monitor_task,ESP32-5,urbino,Turing
,,3,2023-11-30T03:00:00Z,2023-11-30T14:00:00Z,2023-11-30T08:58:23.190852863Z,47,humidity,monitor_task,ESP32-5,urbino,Turing
,,3,2023-11-30T03:00:00Z,2023-11-30T14:00:00Z,2023-11-30T09:03:52.640177762Z,47,humidity,monitor_task,ESP32-5,urbino,Turing
,,3,2023-11-30T03:00:00Z,2023-11-30T14:00:00Z,2023-11-30T09:09:21.907948845Z,48,humidity,monitor_task,ESP32-5,urbino,Turing
,,3,2023-11-30T03:00:00Z,2023-11-30T14:00:00Z,2023-11-30T09:14:50.377199999Z,48,humidity,monitor_task,ESP32-5,urbino,Turing
,,3,2023-11-30T03:00:00Z,2023-11-30T14:00:00Z,2023-11-30T09:20:18.933953044Z,48,humidity,monitor_task,ESP32-5,urbino,Turing
,,3,2023-11-30T03:00:00Z,2023-11-30T14:00:00Z,2023-11-30T09:25:47.570706019Z,49,humidity,monitor_task,ESP32-5,urbino,Turing
,,3,2023-11-30T03:00:00Z,2023-11-30T14:00:00Z,2023-11-30T09:31:15.966230686Z,49,humidity,monitor_task,ESP32-5,urbino,Turing
,,3,2023-11-30T03:00:00Z,2023-11-30T14:00:00Z,2023-11-30T09:36:44.443847419Z,49,humidity,monitor_task,ESP32-5,urbino,Turing
,,3,2023-11-30T03:00:00Z,2023-11-30T14:00:00Z,2023-11-30T09:42:12.768039005Z,49,humidity,monitor_task,ESP32-5,urbino,Turing
,,3,2023-11-30T03:00:00Z,2023-11-30T14:00:00Z,2023-11-30T09:47:41.250183742Z,49,humidity,monitor_task,ESP32-5,urbino,Turing
,,3,2023-11-30T03:00:00Z,2023-11-30T14:00:00Z,2023-11-30T09:53:09.574382735Z,47,humidity,monitor_task,ESP32-5,urbino,Turing
,,3,2023-11-30T03:00:00Z,2023-11-30T14:00:00Z,2023-11-30T09:58:37.89442585Z,45,humidity,monitor_task,ESP32-5,urbino,Turing
,,3,2023-11-30T03:00:00Z,2023-11-30T14:00:00Z,2023-11-30T10:04:06.632736194Z,44,humidity,monitor_task,ESP32-5,urbino,Turing
,,3,2023-11-30T03:00:00Z,2023-11-30T14:00:00Z,2023-11-30T10:09:34.933131741Z,46,humidity,monitor_task,ESP32-5,urbino,Turing
,,3,2023-11-30T03:00:00Z,2023-11-30T14:00:00Z,2023-11-30T10:15:03.493310587Z,47,humidity,monitor_task,ESP32-5,urbino,Turing
,,3,2023-11-30T03:00:00Z,2023-11-30T14:00:00Z,2023-11-30T10:20:31.738946165Z,47,humidity,monitor_task,ESP32-5,urbino,Turing
,,3,2023-11-30T03:00:00Z,2023-11-30T14:00:00Z,2023-11-30T10:26:00.062833275Z,47,humidity,monitor_task,ESP32-5,urbino,Turing
,,3,2023-11-30T03:00:00Z,2023-11-30T14:00:00Z,2023-11-30T10:31:28.554614549Z,48,humidity,monitor_task,ESP32-5,urbino,Turing
,,3,2023-11-30T03:00:00Z,2023-11-30T14:00:00Z,2023-11-30T10:36:56.865835275Z,48,humidity,monitor_task,ESP32-5,urbino,Turing
,,3,2023-11-30T03:00:00Z,2023-11-30T14:00:00Z,2023-11-30T10:42:25.187627499Z,48,humidity,monitor_task,ESP32-5,urbino,Turing
,,3,2023-11-30T03:00:00Z,2023-11-30T14:00:00Z,2023-11-30T10:47:53.672584059Z,49,humidity,monitor_task,ESP32-5,urbino,Turing
,,3,2023-11-30T03:00:00Z,2023-11-30T14:00:00Z,2023-11-30T10:53:24.1553155Z,49,humidity,monitor_task,ESP32-5,urbino,Turing
,,3,2023-11-30T03:00:00Z,2023-11-30T14:00:00Z,2023-11-30T10:58:53.119661904Z,48,humidity,monitor_task,ESP32-5,urbino,Turing
,,3,2023-11-30T03:00:00Z,2023-11-30T14:00:00Z,2023-11-30T11:04:21.840063113Z,45,humidity,monitor_task,ESP32-5,urbino,Turing
,,3,2023-11-30T03:00:00Z,2023-11-30T14:00:00Z,2023-11-30T11:09:50.483357115Z,47,humidity,monitor_task,ESP32-5,urbino,Turing
,,3,2023-11-30T03:00:00Z,2023-11-30T14:00:00Z,2023-11-30T11:15:18.653697901Z,47,humidity,monitor_task,ESP32-5,urbino,Turing
,,3,2023-11-30T03:00:00Z,2023-11-30T14:00:00Z,2023-11-30T11:20:46.884909402Z,48,humidity,monitor_task,ESP32-5,urbino,Turing
,,3,2023-11-30T03:00:00Z,2023-11-30T14:00:00Z,2023-11-30T11:26:15.343269695Z,48,humidity,monitor_task,ESP32-5,urbino,Turing
,,3,2023-11-30T03:00:00Z,2023-11-30T14:00:00Z,2023-11-30T11:31:44.070605143Z,48,humidity,monitor_task,ESP32-5,urbino,Turing
,,3,2023-11-30T03:00:00Z,2023-11-30T14:00:00Z,2023-11-30T11:37:12.705070969Z,49,humidity,monitor_task,ESP32-5,urbino,Turing
,,3,2023-11-30T03:00:00Z,2023-11-30T14:00:00Z,2023-11-30T11:42:41.344847074Z,49,humidity,monitor_task,ESP32-5,urbino,Turing
,,3,2023-11-30T03:00:00Z,2023-11-30T14:00:00Z,2023-11-30T11:48:09.986140365Z,48,humidity,monitor_task,ESP32-5,urbino,Turing
,,3,2023-11-30T03:00:00Z,2023-11-30T14:00:00Z,2023-11-30T11:53:38.540866942Z,47,humidity,monitor_task,ESP32-5,urbino,Turing
,,3,2023-11-30T03:00:00Z,2023-11-30T14:00:00Z,2023-11-30T11:59:06.627124759Z,44,humidity,monitor_task,ESP32-5,urbino,Turing
,,3,2023-11-30T03:00:00Z,2023-11-30T14:00:00Z,2023-11-30T12:04:35.515249365Z,46,humidity,monitor_task,ESP32-5,urbino,Turing
,,3,2023-11-30T03:00:00Z,2023-11-30T14:00:00Z,2023-11-30T12:10:04.161330944Z,46,humidity,monitor_task,ESP32-5,urbino,Turing
,,3,2023-11-30T03:00:00Z,2023-11-30T14:00:00Z,2023-11-30T12:15:32.645120222Z,46,humidity,monitor_task,ESP32-5,urbino,Turing
,,3,2023-11-30T03:00:00Z,2023-11-30T14:00:00Z,2023-11-30T12:21:01.208254768Z,45,humidity,monitor_task,ESP32-5,urbino,Turing
,,3,2023-11-30T03:00:00Z,2023-11-30T14:00:00Z,2023-11-30T12:26:29.930500335Z,45,humidity,monitor_task,ESP32-5,urbino,Turing
,,3,2023-11-30T03:00:00Z,2023-11-30T14:00:00Z,2023-11-30T12:31:58.408887319Z,45,humidity,monitor_task,ESP32-5,urbino,Turing
,,3,2023-11-30T03:00:00Z,2023-11-30T14:00:00Z,2023-11-30T12:37:26.954846301Z,44,humidity,monitor_task,ESP32-5,urbino,Turing
,,3,2023-11-30T03:00:00Z,2023-11-30T14:00:00Z,2023-11-30T12:42:55.66533879Z,44,humidity,monitor_task,ESP32-5,urbino,Turing
,,3,2023-11-30T03:00:00Z,2023-11-30T14:00:00Z,2023-11-30T12:48:24.379514105Z,44,humidity,monitor_task,ESP32-5,urbino,Turing
,,3,2023-11-30T03:00:00Z,2023-11-30T14:00:00Z,2023-11-30T12:53:53.29571253Z,44,humidity,monitor_task,ESP32-5,urbino,Turing
,,3,2023-11-30T03:00:00Z,2023-11-30T14:00:00Z,2023-11-30T12:59:21.940008541Z,39,humidity,monitor_task,ESP32-5,urbino,Turing
,,3,2023-11-30T03:00:00Z,2023-11-30T14:00:00Z,2023-11-30T13:04:46.890726641Z,39,humidity,monitor_task,ESP32-5,urbino,Turing
,,3,2023-11-30T03:00:00Z,2023-11-30T14:00:00Z,2023-11-30T13:10:11.218250584Z,40,humidity,monitor_task,ESP32-5,urbino,Turing
,,3,2023-11-30T03:00:00Z,2023-11-30T14:00:00Z,2023-11-30T13:15:35.643369758Z,41,humidity,monitor_task,ESP32-5,urbino,Turing
,,3,2023-11-30T03:00:00Z,2023-11-30T14:00:00Z,2023-11-30T13:21:00.296882404Z,42,humidity,monitor_task,ESP32-5,urbino,Turing
,,3,2023-11-30T03:00:00Z,2023-11-30T14:00:00Z,2023-11-30T13:26:25.097756836Z,42,humidity,monitor_task,ESP32-5,urbino,Turing
,,3,2023-11-30T03:00:00Z,2023-11-30T14:00:00Z,2023-11-30T13:31:50.462133839Z,42,humidity,monitor_task,ESP32-5,urbino,Turing
,,3,2023-11-30T03:00:00Z,2023-11-30T14:00:00Z,2023-11-30T13:37:15.338649237Z,42,humidity,monitor_task,ESP32-5,urbino,Turing
,,3,2023-11-30T03:00:00Z,2023-11-30T14:00:00Z,2023-11-30T13:42:40.13243535Z,42,humidity,monitor_task,ESP32-5,urbino,Turing
,,3,2023-11-30T03:00:00Z,2023-11-30T14:00:00Z,2023-11-30T13:48:04.845496909Z,42,humidity,monitor_task,ESP32-5,urbino,Turing
,,3,2023-11-30T03:00:00Z,2023-11-30T14:00:00Z,2023-11-30T13:53:29.726862233Z,42,humidity,monitor_task,ESP32-5,urbino,Turing
,,3,2023-11-30T03:00:00Z,2023-11-30T14:00:00Z,2023-11-30T13:58:54.678702818Z,43,humidity,monitor_task,ESP32-5,urbino,Turing
,,4,2023-11-30T03:00:00Z,2023-11-30T14:00:00Z,2023-11-30T03:01:06.135548043Z,2.65,rms-noise,monitor_task,ESP32-5,urbino,Turing
,,4,2023-11-30T03:00:00Z,2023-11-30T14:00:00Z,2023-11-30T03:06:30.652046627Z,2.95,rms-noise,monitor_task,ESP32-5,urbino,Turing
,,4,2023-11-30T03:00:00Z,2023-11-30T14:00:00Z,2023-11-30T03:11:55.456254708Z,2.69,rms-noise,monitor_task,ESP32-5,urbino,Turing
,,4,2023-11-30T03:00:00Z,2023-11-30T14:00:00Z,2023-11-30T03:17:20.332066316Z,2.63,rms-noise,monitor_task,ESP32-5,urbino,Turing
,,4,2023-11-30T03:00:00Z,2023-11-30T14:00:00Z,2023-11-30T03:22:45.131728251Z,2.58,rms-noise,monitor_task,ESP32-5,urbino,Turing
,,4,2023-11-30T03:00:00Z,2023-11-30T14:00:00Z,2023-11-30T03:28:09.704134588Z,2.58,rms-noise,monitor_task,ESP32-5,urbino,Turing
,,4,2023-11-30T03:00:00Z,2023-11-30T14:00:00Z,2023-11-30T03:33:34.122827382Z,2.6,rms-noise,monitor_task,ESP32-5,urbino,Turing
,,4,2023-11-30T03:00:00Z,2023-11-30T14:00:00Z,2023-11-30T03:38:58.523912754Z,2.64,rms-noise,monitor_task,ESP32-5,urbino,Turing
,,4,2023-11-30T03:00:00Z,2023-11-30T14:00:00Z,2023-11-30T03:44:23.372116994Z,2.58,rms-noise,monitor_task,ESP32-5,urbino,Turing
,,4,2023-11-30T03:00:00Z,2023-11-30T14:00:00Z,2023-11-30T03:49:47.582182302Z,2.68,rms-noise,monitor_task,ESP32-5,urbino,Turing
,,4,2023-11-30T03:00:00Z,2023-11-30T14:00:00Z,2023-11-30T03:55:12.455639491Z,2.59,rms-noise,monitor_task,ESP32-5,urbino,Turing
,,4,2023-11-30T03:00:00Z,2023-11-30T14:00:00Z,2023-11-30T04:00:37.605877073Z,2.59,rms-noise,monitor_task,ESP32-5,urbino,Turing
,,4,2023-11-30T03:00:00Z,2023-11-30T14:00:00Z,2023-11-30T04:06:02.066503189Z,2.72,rms-noise,monitor_task,ESP32-5,urbino,Turing
,,4,2023-11-30T03:00:00Z,2023-11-30T14:00:00Z,2023-11-30T04:11:26.854556404Z,2.58,rms-noise,monitor_task,ESP32-5,urbino,Turing
,,4,2023-11-30T03:00:00Z,2023-11-30T14:00:00Z,2023-11-30T04:16:51.423614875Z,2.56,rms-noise,monitor_task,ESP32-5,urbino,Turing
,,4,2023-11-30T03:00:00Z,2023-11-30T14:00:00Z,2023-11-30T04:22:16.363928716Z,2.61,rms-noise,monitor_task,ESP32-5,urbino,Turing
,,4,2023-11-30T03:00:00Z,2023-11-30T14:00:00Z,2023-11-30T04:27:41.15404958Z,2.58,rms-noise,monitor_task,ESP32-5,urbino,Turing
,,4,2023-11-30T03:00:00Z,2023-11-30T14:00:00Z,2023-11-30T04:33:05.791931014Z,2.75,rms-noise,monitor_task,ESP32-5,urbino,Turing
,,4,2023-11-30T03:00:00Z,2023-11-30T14:00:00Z,2023-11-30T04:38:30.463601873Z,2.61,rms-noise,monitor_task,ESP32-5,urbino,Turing
,,4,2023-11-30T03:00:00Z,2023-11-30T14:00:00Z,2023-11-30T04:43:54.900124906Z,2.64,rms-noise,monitor_task,ESP32-5,urbino,Turing
,,4,2023-11-30T03:00:00Z,2023-11-30T14:00:00Z,2023-11-30T04:49:20.016166535Z,2.62,rms-noise,monitor_task,ESP32-5,urbino,Turing
,,4,2023-11-30T03:00:00Z,2023-11-30T14:00:00Z,2023-11-30T04:54:44.923386973Z,2.58,rms-noise,monitor_task,ESP32-5,urbino,Turing
,,4,2023-11-30T03:00:00Z,2023-11-30T14:00:00Z,2023-11-30T05:00:09.530220487Z,2.69,rms-noise,monitor_task,ESP32-5,urbino,Turing
,,4,2023-11-30T03:00:00Z,2023-11-30T14:00:00Z,2023-11-30T05:05:34.170020645Z,2.69,rms-noise,monitor_task,ESP32-5,urbino,Turing
,,4,2023-11-30T03:00:00Z,2023-11-30T14:00:00Z,2023-11-30T05:10:58.958747944Z,2.66,rms-noise,monitor_task,ESP32-5,urbino,Turing
,,4,2023-11-30T03:00:00Z,2023-11-30T14:00:00Z,2023-11-30T05:16:23.59462444Z,3.47,rms-noise,monitor_task,ESP32-5,urbino,Turing
,,4,2023-11-30T03:00:00Z,2023-11-30T14:00:00Z,2023-11-30T05:21:47.990162537Z,2.67,rms-noise,monitor_task,ESP32-5,urbino,Turing
,,4,2023-11-30T03:00:00Z,2023-11-30T14:00:00Z,2023-11-30T05:27:12.550971063Z,2.78,rms-noise,monitor_task,ESP32-5,urbino,Turing
,,4,2023-11-30T03:00:00Z,2023-11-30T14:00:00Z,2023-11-30T05:32:37.442999339Z,2.73,rms-noise,monitor_task,ESP32-5,urbino,Turing
,,4,2023-11-30T03:00:00Z,2023-11-30T14:00:00Z,2023-11-30T05:38:02.266088836Z,2.68,rms-noise,monitor_task,ESP32-5,urbino,Turing
,,4,2023-11-30T03:00:00Z,2023-11-30T14:00:00Z,2023-11-30T05:43:26.829598767Z,2.7,rms-noise,monitor_task,ESP32-5,urbino,Turing
,,4,2023-11-30T03:00:00Z,2023-11-30T14:00:00Z,2023-11-30T05:48:51.497142865Z,2.76,rms-noise,monitor_task,ESP32-5,urbino,Turing
,,4,2023-11-30T03:00:00Z,2023-11-30T14:00:00Z,2023-11-30T05:54:15.945518642Z,2.71,rms-noise,monitor_task,ESP32-5,urbino,Turing
,,4,2023-11-30T03:00:00Z,2023-11-30T14:00:00Z,2023-11-30T05:59:40.749865764Z,2.79,rms-noise,monitor_task,ESP32-5,urbino,Turing
,,4,2023-11-30T03:00:00Z,2023-11-30T14:00:00Z,2023-11-30T06:05:04.837279132Z,2.84,rms-noise,monitor_task,ESP32-5,urbino,Turing
,,4,2023-11-30T03:00:00Z,2023-11-30T14:00:00Z,2023-11-30T06:10:29.165778373Z,2.71,rms-noise,monitor_task,ESP32-5,urbino,Turing
,,4,2023-11-30T03:00:00Z,2023-11-30T14:00:00Z,2023-11-30T06:15:53.572432378Z,2.68,rms-noise,monitor_task,ESP32-5,urbino,Turing
,,4,2023-11-30T03:00:00Z,2023-11-30T14:00:00Z,2023-11-30T06:21:17.949779926Z,2.68,rms-noise,monitor_task,ESP32-5,urbino,Turing
,,4,2023-11-30T03:00:00Z,2023-11-30T14:00:00Z,2023-11-30T06:26:42.455008999Z,2.74,rms-noise,monitor_task,ESP32-5,urbino,Turing
,,4,2023-11-30T03:00:00Z,2023-11-30T14:00:00Z,2023-11-30T06:32:07.058117148Z,2.76,rms-noise,monitor_task,ESP32-5,urbino,Turing
,,4,2023-11-30T03:00:00Z,2023-11-30T14:00:00Z,2023-11-30T06:37:31.659353431Z,3.78,rms-noise,monitor_task,ESP32-5,urbino,Turing
,,4,2023-11-30T03:00:00Z,2023-11-30T14:00:00Z,2023-11-30T06:42:56.26067634Z,3.7,rms-noise,monitor_task,ESP32-5,urbino,Turing
,,4,2023-11-30T03:00:00Z,2023-11-30T14:00:00Z,2023-11-30T06:48:20.825832183Z,3.44,rms-noise,monitor_task,ESP32-5,urbino,Turing
,,4,2023-11-30T03:00:00Z,2023-11-30T14:00:00Z,2023-11-30T06:53:45.608174453Z,3.73,rms-noise,monitor_task,ESP32-5,urbino,Turing
,,4,2023-11-30T03:00:00Z,2023-11-30T14:00:00Z,2023-11-30T06:59:10.020720901Z,4.75,rms-noise,monitor_task,ESP32-5,urbino,Turing
,,4,2023-11-30T03:00:00Z,2023-11-30T14:00:00Z,2023-11-30T07:04:35.102779944Z,3.02,rms-noise,monitor_task,ESP32-5,urbino,Turing
,,4,2023-11-30T03:00:00Z,2023-11-30T14:00:00Z,2023-11-30T07:09:59.578705766Z,3.83,rms-noise,monitor_task,ESP32-5,urbino,Turing
,,4,2023-11-30T03:00:00Z,2023-11-30T14:00:00Z,2023-11-30T07:15:24.056734945Z,2.65,rms-noise,monitor_task,ESP32-5,urbino,Turing
,,4,2023-11-30T03:00:00Z,2023-11-30T14:00:00Z,2023-11-30T07:20:48.462239954Z,4.26,rms-noise,monitor_task,ESP32-5,urbino,Turing
,,4,2023-11-30T03:00:00Z,2023-11-30T14:00:00Z,2023-11-30T07:26:12.954522068Z,5.18,rms-noise,monitor_task,ESP32-5,urbino,Turing
,,4,2023-11-30T03:00:00Z,2023-11-30T14:00:00Z,2023-11-30T07:31:37.526781402Z,2.88,rms-noise,monitor_task,ESP32-5,urbino,Turing
,,4,2023-11-30T03:00:00Z,2023-11-30T14:00:00Z,2023-11-30T07:37:01.92794101Z,3.22,rms-noise,monitor_task,ESP32-5,urbino,Turing
,,4,2023-11-30T03:00:00Z,2023-11-30T14:00:00Z,2023-11-30T07:42:26.254142088Z,3.24,rms-noise,monitor_task,ESP32-5,urbino,Turing
,,4,2023-11-30T03:00:00Z,2023-11-30T14:00:00Z,2023-11-30T07:47:50.658584671Z,5.68,rms-noise,monitor_task,ESP32-5,urbino,Turing
,,4,2023-11-30T03:00:00Z,2023-11-30T14:00:00Z,2023-11-30T07:53:15.145057492Z,5,rms-noise,monitor_task,ESP32-5,urbino,Turing
,,4,2023-11-30T03:00:00Z,2023-11-30T14:00:00Z,2023-11-30T07:58:39.574282609Z,35.98,rms-noise,monitor_task,ESP32-5,urbino,Turing
,,4,2023-11-30T03:00:00Z,2023-11-30T14:00:00Z,2023-11-30T08:04:04.337181298Z,5.69,rms-noise,monitor_task,ESP32-5,urbino,Turing
,,4,2023-11-30T03:00:00Z,2023-11-30T14:00:00Z,2023-11-30T08:09:29.05429118Z,14.14,rms-noise,monitor_task,ESP32-5,urbino,Turing
,,4,2023-11-30T03:00:00Z,2023-11-30T14:00:00Z,2023-11-30T08:14:53.61224968Z,22.61,rms-noise,monitor_task,ESP32-5,urbino,Turing
,,4,2023-11-30T03:00:00Z,2023-11-30T14:00:00Z,2023-11-30T08:20:18.731806295Z,28.79,rms-noise,monitor_task,ESP32-5,urbino,Turing
,,4,2023-11-30T03:00:00Z,2023-11-30T14:00:00Z,2023-11-30T08:25:43.131816651Z,13.6,rms-noise,monitor_task,ESP32-5,urbino,Turing
,,4,2023-11-30T03:00:00Z,2023-11-30T14:00:00Z,2023-11-30T08:31:07.852349267Z,24.59,rms-noise,monitor_task,ESP32-5,urbino,Turing
,,4,2023-11-30T03:00:00Z,2023-11-30T14:00:00Z,2023-11-30T08:36:33.204656499Z,27.43,rms-noise,monitor_task,ESP32-5,urbino,Turing
,,4,2023-11-30T03:00:00Z,2023-11-30T14:00:00Z,2023-11-30T08:41:57.917816543Z,21.17,rms-noise,monitor_task,ESP32-5,urbino,Turing
,,4,2023-11-30T03:00:00Z,2023-11-30T14:00:00Z,2023-11-30T08:47:26.07349553Z,33.81,rms-noise,monitor_task,ESP32-5,urbino,Turing
,,4,2023-11-30T03:00:00Z,2023-11-30T14:00:00Z,2023-11-30T08:52:54.632969786Z,11.87,rms-noise,monitor_task,ESP32-5,urbino,Turing
,,4,2023-11-30T03:00:00Z,2023-11-30T14:00:00Z,2023-11-30T08:58:23.190852863Z,15.97,rms-noise,monitor_task,ESP32-5,urbino,Turing
,,4,2023-11-30T03:00:00Z,2023-11-30T14:00:00Z,2023-11-30T09:03:52.640177762Z,19.53,rms-noise,monitor_task,ESP32-5,urbino,Turing
,,4,2023-11-30T03:00:00Z,2023-11-30T14:00:00Z,2023-11-30T09:09:21.907948845Z,19.56,rms-noise,monitor_task,ESP32-5,urbino,Turing
,,4,2023-11-30T03:00:00Z,2023-11-30T14:00:00Z,2023-11-30T09:14:50.377199999Z,14.63,rms-noise,monitor_task,ESP32-5,urbino,Turing
,,4,2023-11-30T03:00:00Z,2023-11-30T14:00:00Z,2023-11-30T09:20:18.933953044Z,26.67,rms-noise,monitor_task,ESP32-5,urbino,Turing
,,4,2023-11-30T03:00:00Z,2023-11-30T14:00:00Z,2023-11-30T09:25:47.570706019Z,19.6,rms-noise,monitor_task,ESP32-5,urbino,Turing
,,4,2023-11-30T03:00:00Z,2023-11-30T14:00:00Z,2023-11-30T09:31:15.966230686Z,15.52,rms-noise,monitor_task,ESP32-5,urbino,Turing
,,4,2023-11-30T03:00:00Z,2023-11-30T14:00:00Z,2023-11-30T09:36:44.443847419Z,16.82,rms-noise,monitor_task,ESP32-5,urbino,Turing
,,4,2023-11-30T03:00:00Z,2023-11-30T14:00:00Z,2023-11-30T09:42:12.768039005Z,20.91,rms-noise,monitor_task,ESP32-5,urbino,Turing
,,4,2023-11-30T03:00:00Z,2023-11-30T14:00:00Z,2023-11-30T09:47:41.250183742Z,34.68,rms-noise,monitor_task,ESP32-5,urbino,Turing
,,4,2023-11-30T03:00:00Z,2023-11-30T14:00:00Z,2023-11-30T09:53:09.574382735Z,22.33,rms-noise,monitor_task,ESP32-5,urbino,Turing
,,4,2023-11-30T03:00:00Z,2023-11-30T14:00:00Z,2023-11-30T09:58:37.89442585Z,20.09,rms-noise,monitor_task,ESP32-5,urbino,Turing
,,4,2023-11-30T03:00:00Z,2023-11-30T14:00:00Z,2023-11-30T10:04:06.632736194Z,37.32,rms-noise,monitor_task,ESP32-5,urbino,Turing
,,4,2023-11-30T03:00:00Z,2023-11-30T14:00:00Z,2023-11-30T10:09:34.933131741Z,15.21,rms-noise,monitor_task,ESP32-5,urbino,Turing
,,4,2023-11-30T03:00:00Z,2023-11-30T14:00:00Z,2023-11-30T10:15:03.493310587Z,15.82,rms-noise,monitor_task,ESP32-5,urbino,Turing
,,4,2023-11-30T03:00:00Z,2023-11-30T14:00:00Z,2023-11-30T10:20:31.738946165Z,10.52,rms-noise,monitor_task,ESP32-5,urbino,Turing
,,4,2023-11-30T03:00:00Z,2023-11-30T14:00:00Z,2023-11-30T10:26:00.062833275Z,11.11,rms-noise,monitor_task,ESP32-5,urbino,Turing
,,4,2023-11-30T03:00:00Z,2023-11-30T14:00:00Z,2023-11-30T10:31:28.554614549Z,14.56,rms-noise,monitor_task,ESP32-5,urbino,Turing
,,4,2023-11-30T03:00:00Z,2023-11-30T14:00:00Z,2023-11-30T10:36:56.865835275Z,16.25,rms-noise,monitor_task,ESP32-5,urbino,Turing
,,4,2023-11-30T03:00:00Z,2023-11-30T14:00:00Z,2023-11-30T10:42:25.187627499Z,20.21,rms-noise,monitor_task,ESP32-5,urbino,Turing
,,4,2023-11-30T03:00:00Z,2023-11-30T14:00:00Z,2023-11-30T10:47:53.672584059Z,8.14,rms-noise,monitor_task,ESP32-5,urbino,Turing
,,4,2023-11-30T03:00:00Z,2023-11-30T14:00:00Z,2023-11-30T10:53:24.1553155Z,21.93,rms-noise,monitor_task,ESP32-5,urbino,Turing
,,4,2023-11-30T03:00:00Z,2023-11-30T14:00:00Z,2023-11-30T10:58:53.119661904Z,24.04,rms-noise,monitor_task,ESP32-5,urbino,Turing
,,4,2023-11-30T03:00:00Z,2023-11-30T14:00:00Z,2023-11-30T11:04:21.840063113Z,19.68,rms-noise,monitor_task,ESP32-5,urbino,Turing
,,4,2023-11-30T03:00:00Z,2023-11-30T14:00:00Z,2023-11-30T11:09:50.483357115Z,21.06,rms-noise,monitor_task,ESP32-5,urbino,Turing
,,4,2023-11-30T03:00:00Z,2023-11-30T14:00:00Z,2023-11-30T11:15:18.653697901Z,9.65,rms-noise,monitor_task,ESP32-5,urbino,Turing
,,4,2023-11-30T03:00:00Z,2023-11-30T14:00:00Z,2023-11-30T11:20:46.884909402Z,15.94,rms-noise,monitor_task,ESP32-5,urbino,Turing
,,4,2023-11-30T03:00:00Z,2023-11-30T14:00:00Z,2023-11-30T11:26:15.343269695Z,16.55,rms-noise,monitor_task,ESP32-5,urbino,Turing
,,4,2023-11-30T03:00:00Z,2023-11-30T14:00:00Z,2023-11-30T11:31:44.070605143Z,12.05,rms-noise,monitor_task,ESP32-5,urbino,Turing
,,4,2023-11-30T03:00:00Z,2023-11-30T14:00:00Z,2023-11-30T11:37:12.705070969Z,8.18,rms-noise,monitor_task,ESP32-5,urbino,Turing
,,4,2023-11-30T03:00:00Z,2023-11-30T14:00:00Z,2023-11-30T11:42:41.344847074Z,41.12,rms-noise,monitor_task,ESP32-5,urbino,Turing
,,4,2023-11-30T03:00:00Z,2023-11-30T14:00:00Z,2023-11-30T11:48:09.986140365Z,18.06,rms-noise,monitor_task,ESP32-5,urbino,Turing
,,4,2023-11-30T03:00:00Z,2023-11-30T14:00:00Z,2023-11-30T11:53:38.540866942Z,6.21,rms-noise,monitor_task,ESP32-5,urbino,Turing
,,4,2023-11-30T03:00:00Z,2023-11-30T14:00:00Z,2023-11-30T11:59:06.627124759Z,11.79,rms-noise,monitor_task,ESP32-5,urbino,Turing
,,4,2023-11-30T03:00:00Z,2023-11-30T14:00:00Z,2023-11-30T12:04:35.515249365Z,21.65,rms-noise,monitor_task,ESP32-5,urbino,Turing
,,4,2023-11-30T03:00:00Z,2023-11-30T14:00:00Z,2023-11-30T12:10:04.161330944Z,5.98,rms-noise,monitor_task,ESP32-5,urbino,Turing
,,4,2023-11-30T03:00:00Z,2023-11-30T14:00:00Z,2023-11-30T12:15:32.645120222Z,8.41,rms-noise,monitor_task,ESP32-5,urbino,Turing
,,4,2023-11-30T03:00:00Z,2023-11-30T14:00:00Z,2023-11-30T12:21:01.208254768Z,8.43,rms-noise,monitor_task,ESP32-5,urbino,Turing
,,4,2023-11-30T03:00:00Z,2023-11-30T14:00:00Z,2023-11-30T12:26:29.930500335Z,7.24,rms-noise,monitor_task,ESP32-5,urbino,Turing
,,4,2023-11-30T03:00:00Z,2023-11-30T14:00:00Z,2023-11-30T12:31:58.408887319Z,8.12,rms-noise,monitor_task,ESP32-5,urbino,Turing
,,4,2023-11-30T03:00:00Z,2023-11-30T14:00:00Z,2023-11-30T12:37:26.954846301Z,17.11,rms-noise,monitor_task,ESP32-5,urbino,Turing
,,4,2023-11-30T03:00:00Z,2023-11-30T14:00:00Z,2023-11-30T12:42:55.66533879Z,33.73,rms-noise,monitor_task,ESP32-5,urbino,Turing
,,4,2023-11-30T03:00:00Z,2023-11-30T14:00:00Z,2023-11-30T12:48:24.379514105Z,36.11,rms-noise,monitor_task,ESP32-5,urbino,Turing
,,4,2023-11-30T03:00:00Z,2023-11-30T14:00:00Z,2023-11-30T12:53:53.29571253Z,53.57,rms-noise,monitor_task,ESP32-5,urbino,Turing
,,4,2023-11-30T03:00:00Z,2023-11-30T14:00:00Z,2023-11-30T12:59:21.940008541Z,34.75,rms-noise,monitor_task,ESP32-5,urbino,Turing
,,4,2023-11-30T03:00:00Z,2023-11-30T14:00:00Z,2023-11-30T13:04:46.890726641Z,13.46,rms-noise,monitor_task,ESP32-5,urbino,Turing
,,4,2023-11-30T03:00:00Z,2023-11-30T14:00:00Z,2023-11-30T13:10:11.218250584Z,42.7,rms-noise,monitor_task,ESP32-5,urbino,Turing
,,4,2023-11-30T03:00:00Z,2023-11-30T14:00:00Z,2023-11-30T13:15:35.643369758Z,8.13,rms-noise,monitor_task,ESP32-5,urbino,Turing
,,4,2023-11-30T03:00:00Z,2023-11-30T14:00:00Z,2023-11-30T13:21:00.296882404Z,18.71,rms-noise,monitor_task,ESP32-5,urbino,Turing
,,4,2023-11-30T03:00:00Z,2023-11-30T14:00:00Z,2023-11-30T13:26:25.097756836Z,27.03,rms-noise,monitor_task,ESP32-5,urbino,Turing
,,4,2023-11-30T03:00:00Z,2023-11-30T14:00:00Z,2023-11-30T13:31:50.462133839Z,23.43,rms-noise,monitor_task,ESP32-5,urbino,Turing
,,4,2023-11-30T03:00:00Z,2023-11-30T14:00:00Z,2023-11-30T13:37:15.338649237Z,2.76,rms-noise,monitor_task,ESP32-5,urbino,Turing
,,4,2023-11-30T03:00:00Z,2023-11-30T14:00:00Z,2023-11-30T13:42:40.13243535Z,21.07,rms-noise,monitor_task,ESP32-5,urbino,Turing
,,4,2023-11-30T03:00:00Z,2023-11-30T14:00:00Z,2023-11-30T13:48:04.845496909Z,9.41,rms-noise,monitor_task,ESP32-5,urbino,Turing
,,4,2023-11-30T03:00:00Z,2023-11-30T14:00:00Z,2023-11-30T13:53:29.726862233Z,22.92,rms-noise,monitor_task,ESP32-5,urbino,Turing
,,4,2023-11-30T03:00:00Z,2023-11-30T14:00:00Z,2023-11-30T13:58:54.678702818Z,17.33,rms-noise,monitor_task,ESP32-5,urbino,Turing
,,5,2023-11-30T03:00:00Z,2023-11-30T14:00:00Z,2023-11-30T03:01:06.135548043Z,3.63,sps30_mc_10p0,monitor_task,ESP32-5,urbino,Turing
,,5,2023-11-30T03:00:00Z,2023-11-30T14:00:00Z,2023-11-30T03:06:30.652046627Z,3.11,sps30_mc_10p0,monitor_task,ESP32-5,urbino,Turing
,,5,2023-11-30T03:00:00Z,2023-11-30T14:00:00Z,2023-11-30T03:11:55.456254708Z,3.62,sps30_mc_10p0,monitor_task,ESP32-5,urbino,Turing
,,5,2023-11-30T03:00:00Z,2023-11-30T14:00:00Z,2023-11-30T03:17:20.332066316Z,3.74,sps30_mc_10p0,monitor_task,ESP32-5,urbino,Turing
,,5,2023-11-30T03:00:00Z,2023-11-30T14:00:00Z,2023-11-30T03:22:45.131728251Z,4.02,sps30_mc_10p0,monitor_task,ESP32-5,urbino,Turing
,,5,2023-11-30T03:00:00Z,2023-11-30T14:00:00Z,2023-11-30T03:28:09.704134588Z,3.71,sps30_mc_10p0,monitor_task,ESP32-5,urbino,Turing
,,5,2023-11-30T03:00:00Z,2023-11-30T14:00:00Z,2023-11-30T03:33:34.122827382Z,3.15,sps30_mc_10p0,monitor_task,ESP32-5,urbino,Turing
,,5,2023-11-30T03:00:00Z,2023-11-30T14:00:00Z,2023-11-30T03:38:58.523912754Z,3.36,sps30_mc_10p0,monitor_task,ESP32-5,urbino,Turing
,,5,2023-11-30T03:00:00Z,2023-11-30T14:00:00Z,2023-11-30T03:44:23.372116994Z,3.86,sps30_mc_10p0,monitor_task,ESP32-5,urbino,Turing
,,5,2023-11-30T03:00:00Z,2023-11-30T14:00:00Z,2023-11-30T03:49:47.582182302Z,3.34,sps30_mc_10p0,monitor_task,ESP32-5,urbino,Turing
,,5,2023-11-30T03:00:00Z,2023-11-30T14:00:00Z,2023-11-30T03:55:12.455639491Z,3.08,sps30_mc_10p0,monitor_task,ESP32-5,urbino,Turing
,,5,2023-11-30T03:00:00Z,2023-11-30T14:00:00Z,2023-11-30T04:00:37.605877073Z,4.01,sps30_mc_10p0,monitor_task,ESP32-5,urbino,Turing
,,5,2023-11-30T03:00:00Z,2023-11-30T14:00:00Z,2023-11-30T04:06:02.066503189Z,3.92,sps30_mc_10p0,monitor_task,ESP32-5,urbino,Turing
,,5,2023-11-30T03:00:00Z,2023-11-30T14:00:00Z,2023-11-30T04:11:26.854556404Z,3.67,sps30_mc_10p0,monitor_task,ESP32-5,urbino,Turing
,,5,2023-11-30T03:00:00Z,2023-11-30T14:00:00Z,2023-11-30T04:16:51.423614875Z,3.5,sps30_mc_10p0,monitor_task,ESP32-5,urbino,Turing
,,5,2023-11-30T03:00:00Z,2023-11-30T14:00:00Z,2023-11-30T04:22:16.363928716Z,3.26,sps30_mc_10p0,monitor_task,ESP32-5,urbino,Turing
,,5,2023-11-30T03:00:00Z,2023-11-30T14:00:00Z,2023-11-30T04:27:41.15404958Z,3.91,sps30_mc_10p0,monitor_task,ESP32-5,urbino,Turing
,,5,2023-11-30T03:00:00Z,2023-11-30T14:00:00Z,2023-11-30T04:33:05.791931014Z,3.05,sps30_mc_10p0,monitor_task,ESP32-5,urbino,Turing
,,5,2023-11-30T03:00:00Z,2023-11-30T14:00:00Z,2023-11-30T04:38:30.463601873Z,3.11,sps30_mc_10p0,monitor_task,ESP32-5,urbino,Turing
,,5,2023-11-30T03:00:00Z,2023-11-30T14:00:00Z,2023-11-30T04:43:54.900124906Z,3.44,sps30_mc_10p0,monitor_task,ESP32-5,urbino,Turing
,,5,2023-11-30T03:00:00Z,2023-11-30T14:00:00Z,2023-11-30T04:49:20.016166535Z,3.86,sps30_mc_10p0,monitor_task,ESP32-5,urbino,Turing
,,5,2023-11-30T03:00:00Z,2023-11-30T14:00:00Z,2023-11-30T04:54:44.923386973Z,2.95,sps30_mc_10p0,monitor_task,ESP32-5,urbino,Turing
,,5,2023-11-30T03:00:00Z,2023-11-30T14:00:00Z,2023-11-30T05:00:09.530220487Z,3.7,sps30_mc_10p0,monitor_task,ESP32-5,urbino,Turing
,,5,2023-11-30T03:00:00Z,2023-11-30T14:00:00Z,2023-11-30T05:05:34.170020645Z,3.13,sps30_mc_10p0,monitor_task,ESP32-5,urbino,Turing
,,5,2023-11-30T03:00:00Z,2023-11-30T14:00:00Z,2023-11-30T05:10:58.958747944Z,3.85,sps30_mc_10p0,monitor_task,ESP32-5,urbino,Turing
,,5,2023-11-30T03:00:00Z,2023-11-30T14:00:00Z,2023-11-30T05:16:23.59462444Z,3.56,sps30_mc_10p0,monitor_task,ESP32-5,urbino,Turing
,,5,2023-11-30T03:00:00Z,2023-11-30T14:00:00Z,2023-11-30T05:21:47.990162537Z,3.89,sps30_mc_10p0,monitor_task,ESP32-5,urbino,Turing
,,5,2023-11-30T03:00:00Z,2023-11-30T14:00:00Z,2023-11-30T05:27:12.550971063Z,3.57,sps30_mc_10p0,monitor_task,ESP32-5,urbino,Turing
,,5,2023-11-30T03:00:00Z,2023-11-30T14:00:00Z,2023-11-30T05:32:37.442999339Z,3.95,sps30_mc_10p0,monitor_task,ESP32-5,urbino,Turing
,,5,2023-11-30T03:00:00Z,2023-11-30T14:00:00Z,2023-11-30T05:38:02.266088836Z,3.14,sps30_mc_10p0,monitor_task,ESP32-5,urbino,Turing
,,5,2023-11-30T03:00:00Z,2023-11-30T14:00:00Z,2023-11-30T05:43:26.829598767Z,3.58,sps30_mc_10p0,monitor_task,ESP32-5,urbino,Turing
,,5,2023-11-30T03:00:00Z,2023-11-30T14:00:00Z,2023-11-30T05:48:51.497142865Z,3.32,sps30_mc_10p0,monitor_task,ESP32-5,urbino,Turing
,,5,2023-11-30T03:00:00Z,2023-11-30T14:00:00Z,2023-11-30T05:54:15.945518642Z,3.3,sps30_mc_10p0,monitor_task,ESP32-5,urbino,Turing
,,5,2023-11-30T03:00:00Z,2023-11-30T14:00:00Z,2023-11-30T05:59:40.749865764Z,2.73,sps30_mc_10p0,monitor_task,ESP32-5,urbino,Turing
,,5,2023-11-30T03:00:00Z,2023-11-30T14:00:00Z,2023-11-30T06:05:04.837279132Z,2.93,sps30_mc_10p0,monitor_task,ESP32-5,urbino,Turing
,,5,2023-11-30T03:00:00Z,2023-11-30T14:00:00Z,2023-11-30T06:10:29.165778373Z,2.98,sps30_mc_10p0,monitor_task,ESP32-5,urbino,Turing
,,5,2023-11-30T03:00:00Z,2023-11-30T14:00:00Z,2023-11-30T06:15:53.572432378Z,3.14,sps30_mc_10p0,monitor_task,ESP32-5,urbino,Turing
,,5,2023-11-30T03:00:00Z,2023-11-30T14:00:00Z,2023-11-30T06:21:17.949779926Z,3.42,sps30_mc_10p0,monitor_task,ESP32-5,urbino,Turing
,,5,2023-11-30T03:00:00Z,2023-11-30T14:00:00Z,2023-11-30T06:26:42.455008999Z,3.27,sps30_mc_10p0,monitor_task,ESP32-5,urbino,Turing
,,5,2023-11-30T03:00:00Z,2023-11-30T14:00:00Z,2023-11-30T06:32:07.058117148Z,2.98,sps30_mc_10p0,monitor_task,ESP32-5,urbino,Turing
,,5,2023-11-30T03:00:00Z,2023-11-30T14:00:00Z,2023-11-30T06:37:31.659353431Z,3.46,sps30_mc_10p0,monitor_task,ESP32-5,urbino,Turing
,,5,2023-11-30T03:00:00Z,2023-11-30T14:00:00Z,2023-11-30T06:42:56.26067634Z,2.81,sps30_mc_10p0,monitor_task,ESP32-5,urbino,Turing
,,5,2023-11-30T03:00:00Z,2023-11-30T14:00:00Z,2023-11-30T06:48:20.825832183Z,2.26,sps30_mc_10p0,monitor_task,ESP32-5,urbino,Turing
,,5,2023-11-30T03:00:00Z,2023-11-30T14:00:00Z,2023-11-30T06:53:45.608174453Z,2.33,sps30_mc_10p0,monitor_task,ESP32-5,urbino,Turing
,,5,2023-11-30T03:00:00Z,2023-11-30T14:00:00Z,2023-11-30T06:59:10.020720901Z,2.5,sps30_mc_10p0,monitor_task,ESP32-5,urbino,Turing
,,5,2023-11-30T03:00:00Z,2023-11-30T14:00:00Z,2023-11-30T07:04:35.102779944Z,1.94,sps30_mc_10p0,monitor_task,ESP32-5,urbino,Turing
,,5,2023-11-30T03:00:00Z,2023-11-30T14:00:00Z,2023-11-30T07:09:59.578705766Z,1.6,sps30_mc_10p0,monitor_task,ESP32-5,urbino,Turing
,,5,2023-11-30T03:00:00Z,2023-11-30T14:00:00Z,2023-11-30T07:15:24.056734945Z,1.97,sps30_mc_10p0,monitor_task,ESP32-5,urbino,Turing
,,5,2023-11-30T03:00:00Z,2023-11-30T14:00:00Z,2023-11-30T07:20:48.462239954Z,1.86,sps30_mc_10p0,monitor_task,ESP32-5,urbino,Turing
,,5,2023-11-30T03:00:00Z,2023-11-30T14:00:00Z,2023-11-30T07:26:12.954522068Z,2,sps30_mc_10p0,monitor_task,ESP32-5,urbino,Turing
,,5,2023-11-30T03:00:00Z,2023-11-30T14:00:00Z,2023-11-30T07:31:37.526781402Z,2.05,sps30_mc_10p0,monitor_task,ESP32-5,urbino,Turing
,,5,2023-11-30T03:00:00Z,2023-11-30T14:00:00Z,2023-11-30T07:37:01.92794101Z,1.95,sps30_mc_10p0,monitor_task,ESP32-5,urbino,Turing
,,5,2023-11-30T03:00:00Z,2023-11-30T14:00:00Z,2023-11-30T07:42:26.254142088Z,1.81,sps30_mc_10p0,monitor_task,ESP32-5,urbino,Turing
,,5,2023-11-30T03:00:00Z,2023-11-30T14:00:00Z,2023-11-30T07:47:50.658584671Z,1.66,sps30_mc_10p0,monitor_task,ESP32-5,urbino,Turing
,,5,2023-11-30T03:00:00Z,2023-11-30T14:00:00Z,2023-11-30T07:53:15.145057492Z,2.04,sps30_mc_10p0,monitor_task,ESP32-5,urbino,Turing
,,5,2023-11-30T03:00:00Z,2023-11-30T14:00:00Z,2023-11-30T07:58:39.574282609Z,2.03,sps30_mc_10p0,monitor_task,ESP32-5,urbino,Turing
,,5,2023-11-30T03:00:00Z,2023-11-30T14:00:00Z,2023-11-30T08:04:04.337181298Z,2.36,sps30_mc_10p0,monitor_task,ESP32-5,urbino,Turing
,,5,2023-11-30T03:00:00Z,2023-11-30T14:00:00Z,2023-11-30T08:09:29.05429118Z,1.92,sps30_mc_10p0,monitor_task,ESP32-5,urbino,Turing
,,5,2023-11-30T03:00:00Z,2023-11-30T14:00:00Z,2023-11-30T08:14:53.61224968Z,2.69,sps30_mc_10p0,monitor_task,ESP32-5,urbino,Turing
,,5,2023-11-30T03:00:00Z,2023-11-30T14:00:00Z,2023-11-30T08:20:18.731806295Z,2.07,sps30_mc_10p0,monitor_task,ESP32-5,urbino,Turing
,,5,2023-11-30T03:00:00Z,2023-11-30T14:00:00Z,2023-11-30T08:25:43.131816651Z,2.56,sps30_mc_10p0,monitor_task,ESP32-5,urbino,Turing
,,5,2023-11-30T03:00:00Z,2023-11-30T14:00:00Z,2023-11-30T08:31:07.852349267Z,2.59,sps30_mc_10p0,monitor_task,ESP32-5,urbino,Turing
,,5,2023-11-30T03:00:00Z,2023-11-30T14:00:00Z,2023-11-30T08:36:33.204656499Z,2.27,sps30_mc_10p0,monitor_task,ESP32-5,urbino,Turing
,,5,2023-11-30T03:00:00Z,2023-11-30T14:00:00Z,2023-11-30T08:41:57.917816543Z,3.04,sps30_mc_10p0,monitor_task,ESP32-5,urbino,Turing
,,5,2023-11-30T03:00:00Z,2023-11-30T14:00:00Z,2023-11-30T08:47:26.07349553Z,2.79,sps30_mc_10p0,monitor_task,ESP32-5,urbino,Turing
,,5,2023-11-30T03:00:00Z,2023-11-30T14:00:00Z,2023-11-30T08:52:54.632969786Z,2.46,sps30_mc_10p0,monitor_task,ESP32-5,urbino,Turing
,,5,2023-11-30T03:00:00Z,2023-11-30T14:00:00Z,2023-11-30T08:58:23.190852863Z,2.14,sps30_mc_10p0,monitor_task,ESP32-5,urbino,Turing
,,5,2023-11-30T03:00:00Z,2023-11-30T14:00:00Z,2023-11-30T09:03:52.640177762Z,2.73,sps30_mc_10p0,monitor_task,ESP32-5,urbino,Turing
,,5,2023-11-30T03:00:00Z,2023-11-30T14:00:00Z,2023-11-30T09:09:21.907948845Z,2.58,sps30_mc_10p0,monitor_task,ESP32-5,urbino,Turing
,,5,2023-11-30T03:00:00Z,2023-11-30T14:00:00Z,2023-11-30T09:14:50.377199999Z,2.5,sps30_mc_10p0,monitor_task,ESP32-5,urbino,Turing
,,5,2023-11-30T03:00:00Z,2023-11-30T14:00:00Z,2023-11-30T09:20:18.933953044Z,2.83,sps30_mc_10p0,monitor_task,ESP32-5,urbino,Turing
,,5,2023-11-30T03:00:00Z,2023-11-30T14:00:00Z,2023-11-30T09:25:47.570706019Z,3.13,sps30_mc_10p0,monitor_task,ESP32-5,urbino,Turing
,,5,2023-11-30T03:00:00Z,2023-11-30T14:00:00Z,2023-11-30T09:31:15.966230686Z,2.78,sps30_mc_10p0,monitor_task,ESP32-5,urbino,Turing
,,5,2023-11-30T03:00:00Z,2023-11-30T14:00:00Z,2023-11-30T09:36:44.443847419Z,2.3,sps30_mc_10p0,monitor_task,ESP32-5,urbino,Turing
,,5,2023-11-30T03:00:00Z,2023-11-30T14:00:00Z,2023-11-30T09:42:12.768039005Z,2.93,sps30_mc_10p0,monitor_task,ESP32-5,urbino,Turing
,,5,2023-11-30T03:00:00Z,2023-11-30T14:00:00Z,2023-11-30T09:47:41.250183742Z,3.18,sps30_mc_10p0,monitor_task,ESP32-5,urbino,Turing
,,5,2023-11-30T03:00:00Z,2023-11-30T14:00:00Z,2023-11-30T09:53:09.574382735Z,3.91,sps30_mc_10p0,monitor_task,ESP32-5,urbino,Turing
,,5,2023-11-30T03:00:00Z,2023-11-30T14:00:00Z,2023-11-30T09:58:37.89442585Z,4.24,sps30_mc_10p0,monitor_task,ESP32-5,urbino,Turing
,,5,2023-11-30T03:00:00Z,2023-11-30T14:00:00Z,2023-11-30T10:04:06.632736194Z,3.63,sps30_mc_10p0,monitor_task,ESP32-5,urbino,Turing
,,5,2023-11-30T03:00:00Z,2023-11-30T14:00:00Z,2023-11-30T10:09:34.933131741Z,3.23,sps30_mc_10p0,monitor_task,ESP32-5,urbino,Turing
,,5,2023-11-30T03:00:00Z,2023-11-30T14:00:00Z,2023-11-30T10:15:03.493310587Z,3.99,sps30_mc_10p0,monitor_task,ESP32-5,urbino,Turing
,,5,2023-11-30T03:00:00Z,2023-11-30T14:00:00Z,2023-11-30T10:20:31.738946165Z,3.72,sps30_mc_10p0,monitor_task,ESP32-5,urbino,Turing
,,5,2023-11-30T03:00:00Z,2023-11-30T14:00:00Z,2023-11-30T10:26:00.062833275Z,3.81,sps30_mc_10p0,monitor_task,ESP32-5,urbino,Turing
,,5,2023-11-30T03:00:00Z,2023-11-30T14:00:00Z,2023-11-30T10:31:28.554614549Z,3.38,sps30_mc_10p0,monitor_task,ESP32-5,urbino,Turing
,,5,2023-11-30T03:00:00Z,2023-11-30T14:00:00Z,2023-11-30T10:36:56.865835275Z,3.5,sps30_mc_10p0,monitor_task,ESP32-5,urbino,Turing
,,5,2023-11-30T03:00:00Z,2023-11-30T14:00:00Z,2023-11-30T10:42:25.187627499Z,2.9,sps30_mc_10p0,monitor_task,ESP32-5,urbino,Turing
,,5,2023-11-30T03:00:00Z,2023-11-30T14:00:00Z,2023-11-30T10:47:53.672584059Z,2.75,sps30_mc_10p0,monitor_task,ESP32-5,urbino,Turing
,,5,2023-11-30T03:00:00Z,2023-11-30T14:00:00Z,2023-11-30T10:53:24.1553155Z,4.03,sps30_mc_10p0,monitor_task,ESP32-5,urbino,Turing
,,5,2023-11-30T03:00:00Z,2023-11-30T14:00:00Z,2023-11-30T10:58:53.119661904Z,3.46,sps30_mc_10p0,monitor_task,ESP32-5,urbino,Turing
,,5,2023-11-30T03:00:00Z,2023-11-30T14:00:00Z,2023-11-30T11:04:21.840063113Z,3.66,sps30_mc_10p0,monitor_task,ESP32-5,urbino,Turing
,,5,2023-11-30T03:00:00Z,2023-11-30T14:00:00Z,2023-11-30T11:09:50.483357115Z,3.22,sps30_mc_10p0,monitor_task,ESP32-5,urbino,Turing
,,5,2023-11-30T03:00:00Z,2023-11-30T14:00:00Z,2023-11-30T11:15:18.653697901Z,3.91,sps30_mc_10p0,monitor_task,ESP32-5,urbino,Turing
,,5,2023-11-30T03:00:00Z,2023-11-30T14:00:00Z,2023-11-30T11:20:46.884909402Z,3.33,sps30_mc_10p0,monitor_task,ESP32-5,urbino,Turing
,,5,2023-11-30T03:00:00Z,2023-11-30T14:00:00Z,2023-11-30T11:26:15.343269695Z,3.91,sps30_mc_10p0,monitor_task,ESP32-5,urbino,Turing
,,5,2023-11-30T03:00:00Z,2023-11-30T14:00:00Z,2023-11-30T11:31:44.070605143Z,3.54,sps30_mc_10p0,monitor_task,ESP32-5,urbino,Turing
,,5,2023-11-30T03:00:00Z,2023-11-30T14:00:00Z,2023-11-30T11:37:12.705070969Z,3.25,sps30_mc_10p0,monitor_task,ESP32-5,urbino,Turing
,,5,2023-11-30T03:00:00Z,2023-11-30T14:00:00Z,2023-11-30T11:42:41.344847074Z,3.16,sps30_mc_10p0,monitor_task,ESP32-5,urbino,Turing
,,5,2023-11-30T03:00:00Z,2023-11-30T14:00:00Z,2023-11-30T11:48:09.986140365Z,3.57,sps30_mc_10p0,monitor_task,ESP32-5,urbino,Turing
,,5,2023-11-30T03:00:00Z,2023-11-30T14:00:00Z,2023-11-30T11:53:38.540866942Z,3.45,sps30_mc_10p0,monitor_task,ESP32-5,urbino,Turing
,,5,2023-11-30T03:00:00Z,2023-11-30T14:00:00Z,2023-11-30T11:59:06.627124759Z,3.93,sps30_mc_10p0,monitor_task,ESP32-5,urbino,Turing
,,5,2023-11-30T03:00:00Z,2023-11-30T14:00:00Z,2023-11-30T12:04:35.515249365Z,3.51,sps30_mc_10p0,monitor_task,ESP32-5,urbino,Turing
,,5,2023-11-30T03:00:00Z,2023-11-30T14:00:00Z,2023-11-30T12:10:04.161330944Z,2.53,sps30_mc_10p0,monitor_task,ESP32-5,urbino,Turing
,,5,2023-11-30T03:00:00Z,2023-11-30T14:00:00Z,2023-11-30T12:15:32.645120222Z,2.69,sps30_mc_10p0,monitor_task,ESP32-5,urbino,Turing
,,5,2023-11-30T03:00:00Z,2023-11-30T14:00:00Z,2023-11-30T12:21:01.208254768Z,3.37,sps30_mc_10p0,monitor_task,ESP32-5,urbino,Turing
,,5,2023-11-30T03:00:00Z,2023-11-30T14:00:00Z,2023-11-30T12:26:29.930500335Z,3.03,sps30_mc_10p0,monitor_task,ESP32-5,urbino,Turing
,,5,2023-11-30T03:00:00Z,2023-11-30T14:00:00Z,2023-11-30T12:31:58.408887319Z,2.9,sps30_mc_10p0,monitor_task,ESP32-5,urbino,Turing
,,5,2023-11-30T03:00:00Z,2023-11-30T14:00:00Z,2023-11-30T12:37:26.954846301Z,2.33,sps30_mc_10p0,monitor_task,ESP32-5,urbino,Turing
,,5,2023-11-30T03:00:00Z,2023-11-30T14:00:00Z,2023-11-30T12:42:55.66533879Z,2.86,sps30_mc_10p0,monitor_task,ESP32-5,urbino,Turing
,,5,2023-11-30T03:00:00Z,2023-11-30T14:00:00Z,2023-11-30T12:48:24.379514105Z,2.72,sps30_mc_10p0,monitor_task,ESP32-5,urbino,Turing
,,5,2023-11-30T03:00:00Z,2023-11-30T14:00:00Z,2023-11-30T12:53:53.29571253Z,2.49,sps30_mc_10p0,monitor_task,ESP32-5,urbino,Turing
,,5,2023-11-30T03:00:00Z,2023-11-30T14:00:00Z,2023-11-30T12:59:21.940008541Z,2.78,sps30_mc_10p0,monitor_task,ESP32-5,urbino,Turing
,,5,2023-11-30T03:00:00Z,2023-11-30T14:00:00Z,2023-11-30T13:04:46.890726641Z,2.75,sps30_mc_10p0,monitor_task,ESP32-5,urbino,Turing
,,5,2023-11-30T03:00:00Z,2023-11-30T14:00:00Z,2023-11-30T13:10:11.218250584Z,2.44,sps30_mc_10p0,monitor_task,ESP32-5,urbino,Turing
,,5,2023-11-30T03:00:00Z,2023-11-30T14:00:00Z,2023-11-30T13:15:35.643369758Z,3.33,sps30_mc_10p0,monitor_task,ESP32-5,urbino,Turing
,,5,2023-11-30T03:00:00Z,2023-11-30T14:00:00Z,2023-11-30T13:21:00.296882404Z,2.65,sps30_mc_10p0,monitor_task,ESP32-5,urbino,Turing
,,5,2023-11-30T03:00:00Z,2023-11-30T14:00:00Z,2023-11-30T13:26:25.097756836Z,2.78,sps30_mc_10p0,monitor_task,ESP32-5,urbino,Turing
,,5,2023-11-30T03:00:00Z,2023-11-30T14:00:00Z,2023-11-30T13:31:50.462133839Z,3.12,sps30_mc_10p0,monitor_task,ESP32-5,urbino,Turing
,,5,2023-11-30T03:00:00Z,2023-11-30T14:00:00Z,2023-11-30T13:37:15.338649237Z,2.97,sps30_mc_10p0,monitor_task,ESP32-5,urbino,Turing
,,5,2023-11-30T03:00:00Z,2023-11-30T14:00:00Z,2023-11-30T13:42:40.13243535Z,2.91,sps30_mc_10p0,monitor_task,ESP32-5,urbino,Turing
,,5,2023-11-30T03:00:00Z,2023-11-30T14:00:00Z,2023-11-30T13:48:04.845496909Z,3.12,sps30_mc_10p0,monitor_task,ESP32-5,urbino,Turing
,,5,2023-11-30T03:00:00Z,2023-11-30T14:00:00Z,2023-11-30T13:53:29.726862233Z,2.97,sps30_mc_10p0,monitor_task,ESP32-5,urbino,Turing
,,5,2023-11-30T03:00:00Z,2023-11-30T14:00:00Z,2023-11-30T13:58:54.678702818Z,2.86,sps30_mc_10p0,monitor_task,ESP32-5,urbino,Turing
,,6,2023-11-30T03:00:00Z,2023-11-30T14:00:00Z,2023-11-30T03:01:06.135548043Z,3.41,sps30_mc_1p0,monitor_task,ESP32-5,urbino,Turing
,,6,2023-11-30T03:00:00Z,2023-11-30T14:00:00Z,2023-11-30T03:06:30.652046627Z,2.89,sps30_mc_1p0,monitor_task,ESP32-5,urbino,Turing
,,6,2023-11-30T03:00:00Z,2023-11-30T14:00:00Z,2023-11-30T03:11:55.456254708Z,3.35,sps30_mc_1p0,monitor_task,ESP32-5,urbino,Turing
,,6,2023-11-30T03:00:00Z,2023-11-30T14:00:00Z,2023-11-30T03:17:20.332066316Z,3.39,sps30_mc_1p0,monitor_task,ESP32-5,urbino,Turing
,,6,2023-11-30T03:00:00Z,2023-11-30T14:00:00Z,2023-11-30T03:22:45.131728251Z,3.72,sps30_mc_1p0,monitor_task,ESP32-5,urbino,Turing
,,6,2023-11-30T03:00:00Z,2023-11-30T14:00:00Z,2023-11-30T03:28:09.704134588Z,3.44,sps30_mc_1p0,monitor_task,ESP32-5,urbino,Turing
,,6,2023-11-30T03:00:00Z,2023-11-30T14:00:00Z,2023-11-30T03:33:34.122827382Z,2.93,sps30_mc_1p0,monitor_task,ESP32-5,urbino,Turing
,,6,2023-11-30T03:00:00Z,2023-11-30T14:00:00Z,2023-11-30T03:38:58.523912754Z,3.15,sps30_mc_1p0,monitor_task,ESP32-5,urbino,Turing
,,6,2023-11-30T03:00:00Z,2023-11-30T14:00:00Z,2023-11-30T03:44:23.372116994Z,3.61,sps30_mc_1p0,monitor_task,ESP32-5,urbino,Turing
,,6,2023-11-30T03:00:00Z,2023-11-30T14:00:00Z,2023-11-30T03:49:47.582182302Z,3.16,sps30_mc_1p0,monitor_task,ESP32-5,urbino,Turing
,,6,2023-11-30T03:00:00Z,2023-11-30T14:00:00Z,2023-11-30T03:55:12.455639491Z,2.88,sps30_mc_1p0,monitor_task,ESP32-5,urbino,Turing
,,6,2023-11-30T03:00:00Z,2023-11-30T14:00:00Z,2023-11-30T04:00:37.605877073Z,3.78,sps30_mc_1p0,monitor_task,ESP32-5,urbino,Turing
,,6,2023-11-30T03:00:00Z,2023-11-30T14:00:00Z,2023-11-30T04:06:02.066503189Z,3.69,sps30_mc_1p0,monitor_task,ESP32-5,urbino,Turing
,,6,2023-11-30T03:00:00Z,2023-11-30T14:00:00Z,2023-11-30T04:11:26.854556404Z,3.45,sps30_mc_1p0,monitor_task,ESP32-5,urbino,Turing
,,6,2023-11-30T03:00:00Z,2023-11-30T14:00:00Z,2023-11-30T04:16:51.423614875Z,3.31,sps30_mc_1p0,monitor_task,ESP32-5,urbino,Turing
,,6,2023-11-30T03:00:00Z,2023-11-30T14:00:00Z,2023-11-30T04:22:16.363928716Z,3.08,sps30_mc_1p0,monitor_task,ESP32-5,urbino,Turing
,,6,2023-11-30T03:00:00Z,2023-11-30T14:00:00Z,2023-11-30T04:27:41.15404958Z,3.68,sps30_mc_1p0,monitor_task,ESP32-5,urbino,Turing
,,6,2023-11-30T03:00:00Z,2023-11-30T14:00:00Z,2023-11-30T04:33:05.791931014Z,2.83,sps30_mc_1p0,monitor_task,ESP32-5,urbino,Turing
,,6,2023-11-30T03:00:00Z,2023-11-30T14:00:00Z,2023-11-30T04:38:30.463601873Z,2.85,sps30_mc_1p0,monitor_task,ESP32-5,urbino,Turing
,,6,2023-11-30T03:00:00Z,2023-11-30T14:00:00Z,2023-11-30T04:43:54.900124906Z,3.19,sps30_mc_1p0,monitor_task,ESP32-5,urbino,Turing
,,6,2023-11-30T03:00:00Z,2023-11-30T14:00:00Z,2023-11-30T04:49:20.016166535Z,3.57,sps30_mc_1p0,monitor_task,ESP32-5,urbino,Turing
,,6,2023-11-30T03:00:00Z,2023-11-30T14:00:00Z,2023-11-30T04:54:44.923386973Z,2.72,sps30_mc_1p0,monitor_task,ESP32-5,urbino,Turing
,,6,2023-11-30T03:00:00Z,2023-11-30T14:00:00Z,2023-11-30T05:00:09.530220487Z,3.38,sps30_mc_1p0,monitor_task,ESP32-5,urbino,Turing
,,6,2023-11-30T03:00:00Z,2023-11-30T14:00:00Z,2023-11-30T05:05:34.170020645Z,2.89,sps30_mc_1p0,monitor_task,ESP32-5,urbino,Turing
,,6,2023-11-30T03:00:00Z,2023-11-30T14:00:00Z,2023-11-30T05:10:58.958747944Z,3.48,sps30_mc_1p0,monitor_task,ESP32-5,urbino,Turing
,,6,2023-11-30T03:00:00Z,2023-11-30T14:00:00Z,2023-11-30T05:16:23.59462444Z,3.28,sps30_mc_1p0,monitor_task,ESP32-5,urbino,Turing
,,6,2023-11-30T03:00:00Z,2023-11-30T14:00:00Z,2023-11-30T05:21:47.990162537Z,3.56,sps30_mc_1p0,monitor_task,ESP32-5,urbino,Turing
,,6,2023-11-30T03:00:00Z,2023-11-30T14:00:00Z,2023-11-30T05:27:12.550971063Z,3.33,sps30_mc_1p0,monitor_task,ESP32-5,urbino,Turing
,,6,2023-11-30T03:00:00Z,2023-11-30T14:00:00Z,2023-11-30T05:32:37.442999339Z,3.67,sps30_mc_1p0,monitor_task,ESP32-5,urbino,Turing
,,6,2023-11-30T03:00:00Z,2023-11-30T14:00:00Z,2023-11-30T05:38:02.266088836Z,2.94,sps30_mc_1p0,monitor_task,ESP32-5,urbino,Turing
,,6,2023-11-30T03:00:00Z,2023-11-30T14:00:00Z,2023-11-30T05:43:26.829598767Z,3.38,sps30_mc_1p0,monitor_task,ESP32-5,urbino,Turing
,,6,2023-11-30T03:00:00Z,2023-11-30T14:00:00Z,2023-11-30T05:48:51.497142865Z,3.06,sps30_mc_1p0,monitor_task,ESP32-5,urbino,Turing
,,6,2023-11-30T03:00:00Z,2023-11-30T14:00:00Z,2023-11-30T05:54:15.945518642Z,3.01,sps30_mc_1p0,monitor_task,ESP32-5,urbino,Turing
,,6,2023-11-30T03:00:00Z,2023-11-30T14:00:00Z,2023-11-30T05:59:40.749865764Z,2.52,sps30_mc_1p0,monitor_task,ESP32-5,urbino,Turing
,,6,2023-11-30T03:00:00Z,2023-11-30T14:00:00Z,2023-11-30T06:05:04.837279132Z,2.69,sps30_mc_1p0,monitor_task,ESP32-5,urbino,Turing
,,6,2023-11-30T03:00:00Z,2023-11-30T14:00:00Z,2023-11-30T06:10:29.165778373Z,2.81,sps30_mc_1p0,monitor_task,ESP32-5,urbino,Turing
,,6,2023-11-30T03:00:00Z,2023-11-30T14:00:00Z,2023-11-30T06:15:53.572432378Z,2.95,sps30_mc_1p0,monitor_task,ESP32-5,urbino,Turing
,,6,2023-11-30T03:00:00Z,2023-11-30T14:00:00Z,2023-11-30T06:21:17.949779926Z,3.21,sps30_mc_1p0,monitor_task,ESP32-5,urbino,Turing
,,6,2023-11-30T03:00:00Z,2023-11-30T14:00:00Z,2023-11-30T06:26:42.455008999Z,3.04,sps30_mc_1p0,monitor_task,ESP32-5,urbino,Turing
,,6,2023-11-30T03:00:00Z,2023-11-30T14:00:00Z,2023-11-30T06:32:07.058117148Z,2.76,sps30_mc_1p0,monitor_task,ESP32-5,urbino,Turing
,,6,2023-11-30T03:00:00Z,2023-11-30T14:00:00Z,2023-11-30T06:37:31.659353431Z,3.18,sps30_mc_1p0,monitor_task,ESP32-5,urbino,Turing
,,6,2023-11-30T03:00:00Z,2023-11-30T14:00:00Z,2023-11-30T06:42:56.26067634Z,2.66,sps30_mc_1p0,monitor_task,ESP32-5,urbino,Turing
,,6,2023-11-30T03:00:00Z,2023-11-30T14:00:00Z,2023-11-30T06:48:20.825832183Z,2.13,sps30_mc_1p0,monitor_task,ESP32-5,urbino,Turing
,,6,2023-11-30T03:00:00Z,2023-11-30T14:00:00Z,2023-11-30T06:53:45.608174453Z,2.2,sps30_mc_1p0,monitor_task,ESP32-5,urbino,Turing
,,6,2023-11-30T03:00:00Z,2023-11-30T14:00:00Z,2023-11-30T06:59:10.020720901Z,2.36,sps30_mc_1p0,monitor_task,ESP32-5,urbino,Turing
,,6,2023-11-30T03:00:00Z,2023-11-30T14:00:00Z,2023-11-30T07:04:35.102779944Z,1.81,sps30_mc_1p0,monitor_task,ESP32-5,urbino,Turing
,,6,2023-11-30T03:00:00Z,2023-11-30T14:00:00Z,2023-11-30T07:09:59.578705766Z,1.52,sps30_mc_1p0,monitor_task,ESP32-5,urbino,Turing
,,6,2023-11-30T03:00:00Z,2023-11-30T14:00:00Z,2023-11-30T07:15:24.056734945Z,1.84,sps30_mc_1p0,monitor_task,ESP32-5,urbino,Turing
,,6,2023-11-30T03:00:00Z,2023-11-30T14:00:00Z,2023-11-30T07:20:48.462239954Z,1.73,sps30_mc_1p0,monitor_task,ESP32-5,urbino,Turing
,,6,2023-11-30T03:00:00Z,2023-11-30T14:00:00Z,2023-11-30T07:26:12.954522068Z,1.89,sps30_mc_1p0,monitor_task,ESP32-5,urbino,Turing
,,6,2023-11-30T03:00:00Z,2023-11-30T14:00:00Z,2023-11-30T07:31:37.526781402Z,1.94,sps30_mc_1p0,monitor_task,ESP32-5,urbino,Turing
,,6,2023-11-30T03:00:00Z,2023-11-30T14:00:00Z,2023-11-30T07:37:01.92794101Z,1.84,sps30_mc_1p0,monitor_task,ESP32-5,urbino,Turing
,,6,2023-11-30T03:00:00Z,2023-11-30T14:00:00Z,2023-11-30T07:42:26.254142088Z,1.71,sps30_mc_1p0,monitor_task,ESP32-5,urbino,Turing
,,6,2023-11-30T03:00:00Z,2023-11-30T14:00:00Z,2023-11-30T07:47:50.658584671Z,1.57,sps30_mc_1p0,monitor_task,ESP32-5,urbino,Turing
,,6,2023-11-30T03:00:00Z,2023-11-30T14:00:00Z,2023-11-30T07:53:15.145057492Z,1.91,sps30_mc_1p0,monitor_task,ESP32-5,urbino,Turing
,,6,2023-11-30T03:00:00Z,2023-11-30T14:00:00Z,2023-11-30T07:58:39.574282609Z,1.89,sps30_mc_1p0,monitor_task,ESP32-5,urbino,Turing
,,6,2023-11-30T03:00:00Z,2023-11-30T14:00:00Z,2023-11-30T08:04:04.337181298Z,2.23,sps30_mc_1p0,monitor_task,ESP32-5,urbino,Turing
,,6,2023-11-30T03:00:00Z,2023-11-30T14:00:00Z,2023-11-30T08:09:29.05429118Z,1.82,sps30_mc_1p0,monitor_task,ESP32-5,urbino,Turing
,,6,2023-11-30T03:00:00Z,2023-11-30T14:00:00Z,2023-11-30T08:14:53.61224968Z,2.51,sps30_mc_1p0,monitor_task,ESP32-5,urbino,Turing
,,6,2023-11-30T03:00:00Z,2023-11-30T14:00:00Z,2023-11-30T08:20:18.731806295Z,1.9,sps30_mc_1p0,monitor_task,ESP32-5,urbino,Turing
,,6,2023-11-30T03:00:00Z,2023-11-30T14:00:00Z,2023-11-30T08:25:43.131816651Z,2.24,sps30_mc_1p0,monitor_task,ESP32-5,urbino,Turing
,,6,2023-11-30T03:00:00Z,2023-11-30T14:00:00Z,2023-11-30T08:31:07.852349267Z,2.26,sps30_mc_1p0,monitor_task,ESP32-5,urbino,Turing
,,6,2023-11-30T03:00:00Z,2023-11-30T14:00:00Z,2023-11-30T08:36:33.204656499Z,1.96,sps30_mc_1p0,monitor_task,ESP32-5,urbino,Turing
,,6,2023-11-30T03:00:00Z,2023-11-30T14:00:00Z,2023-11-30T08:41:57.917816543Z,2.45,sps30_mc_1p0,monitor_task,ESP32-5,urbino,Turing
,,6,2023-11-30T03:00:00Z,2023-11-30T14:00:00Z,2023-11-30T08:47:26.07349553Z,2.27,sps30_mc_1p0,monitor_task,ESP32-5,urbino,Turing
,,6,2023-11-30T03:00:00Z,2023-11-30T14:00:00Z,2023-11-30T08:52:54.632969786Z,2.06,sps30_mc_1p0,monitor_task,ESP32-5,urbino,Turing
,,6,2023-11-30T03:00:00Z,2023-11-30T14:00:00Z,2023-11-30T08:58:23.190852863Z,1.75,sps30_mc_1p0,monitor_task,ESP32-5,urbino,Turing
,,6,2023-11-30T03:00:00Z,2023-11-30T14:00:00Z,2023-11-30T09:03:52.640177762Z,2.19,sps30_mc_1p0,monitor_task,ESP32-5,urbino,Turing
,,6,2023-11-30T03:00:00Z,2023-11-30T14:00:00Z,2023-11-30T09:09:21.907948845Z,1.93,sps30_mc_1p0,monitor_task,ESP32-5,urbino,Turing
,,6,2023-11-30T03:00:00Z,2023-11-30T14:00:00Z,2023-11-30T09:14:50.377199999Z,1.84,sps30_mc_1p0,monitor_task,ESP32-5,urbino,Turing
,,6,2023-11-30T03:00:00Z,2023-11-30T14:00:00Z,2023-11-30T09:20:18.933953044Z,2.05,sps30_mc_1p0,monitor_task,ESP32-5,urbino,Turing
,,6,2023-11-30T03:00:00Z,2023-11-30T14:00:00Z,2023-11-30T09:25:47.570706019Z,2.26,sps30_mc_1p0,monitor_task,ESP32-5,urbino,Turing
,,6,2023-11-30T03:00:00Z,2023-11-30T14:00:00Z,2023-11-30T09:31:15.966230686Z,1.94,sps30_mc_1p0,monitor_task,ESP32-5,urbino,Turing
,,6,2023-11-30T03:00:00Z,2023-11-30T14:00:00Z,2023-11-30T09:36:44.443847419Z,1.66,sps30_mc_1p0,monitor_task,ESP32-5,urbino,Turing
,,6,2023-11-30T03:00:00Z,2023-11-30T14:00:00Z,2023-11-30T09:42:12.768039005Z,2,sps30_mc_1p0,monitor_task,ESP32-5,urbino,Turing
,,6,2023-11-30T03:00:00Z,2023-11-30T14:00:00Z,2023-11-30T09:47:41.250183742Z,2.3,sps30_mc_1p0,monitor_task,ESP32-5,urbino,Turing
,,6,2023-11-30T03:00:00Z,2023-11-30T14:00:00Z,2023-11-30T09:53:09.574382735Z,2.25,sps30_mc_1p0,monitor_task,ESP32-5,urbino,Turing
,,6,2023-11-30T03:00:00Z,2023-11-30T14:00:00Z,2023-11-30T09:58:37.89442585Z,2.23,sps30_mc_1p0,monitor_task,ESP32-5,urbino,Turing
,,6,2023-11-30T03:00:00Z,2023-11-30T14:00:00Z,2023-11-30T10:04:06.632736194Z,2.15,sps30_mc_1p0,monitor_task,ESP32-5,urbino,Turing
,,6,2023-11-30T03:00:00Z,2023-11-30T14:00:00Z,2023-11-30T10:09:34.933131741Z,2.11,sps30_mc_1p0,monitor_task,ESP32-5,urbino,Turing
,,6,2023-11-30T03:00:00Z,2023-11-30T14:00:00Z,2023-11-30T10:15:03.493310587Z,2.22,sps30_mc_1p0,monitor_task,ESP32-5,urbino,Turing
,,6,2023-11-30T03:00:00Z,2023-11-30T14:00:00Z,2023-11-30T10:20:31.738946165Z,2.01,sps30_mc_1p0,monitor_task,ESP32-5,urbino,Turing
,,6,2023-11-30T03:00:00Z,2023-11-30T14:00:00Z,2023-11-30T10:26:00.062833275Z,2.25,sps30_mc_1p0,monitor_task,ESP32-5,urbino,Turing
,,6,2023-11-30T03:00:00Z,2023-11-30T14:00:00Z,2023-11-30T10:31:28.554614549Z,2.05,sps30_mc_1p0,monitor_task,ESP32-5,urbino,Turing
,,6,2023-11-30T03:00:00Z,2023-11-30T14:00:00Z,2023-11-30T10:36:56.865835275Z,2.17,sps30_mc_1p0,monitor_task,ESP32-5,urbino,Turing
,,6,2023-11-30T03:00:00Z,2023-11-30T14:00:00Z,2023-11-30T10:42:25.187627499Z,1.77,sps30_mc_1p0,monitor_task,ESP32-5,urbino,Turing
,,6,2023-11-30T03:00:00Z,2023-11-30T14:00:00Z,2023-11-30T10:47:53.672584059Z,1.63,sps30_mc_1p0,monitor_task,ESP32-5,urbino,Turing
,,6,2023-11-30T03:00:00Z,2023-11-30T14:00:00Z,2023-11-30T10:53:24.1553155Z,2.4,sps30_mc_1p0,monitor_task,ESP32-5,urbino,Turing
,,6,2023-11-30T03:00:00Z,2023-11-30T14:00:00Z,2023-11-30T10:58:53.119661904Z,2.13,sps30_mc_1p0,monitor_task,ESP32-5,urbino,Turing
,,6,2023-11-30T03:00:00Z,2023-11-30T14:00:00Z,2023-11-30T11:04:21.840063113Z,2.38,sps30_mc_1p0,monitor_task,ESP32-5,urbino,Turing
,,6,2023-11-30T03:00:00Z,2023-11-30T14:00:00Z,2023-11-30T11:09:50.483357115Z,2.03,sps30_mc_1p0,monitor_task,ESP32-5,urbino,Turing
,,6,2023-11-30T03:00:00Z,2023-11-30T14:00:00Z,2023-11-30T11:15:18.653697901Z,2.48,sps30_mc_1p0,monitor_task,ESP32-5,urbino,Turing
,,6,2023-11-30T03:00:00Z,2023-11-30T14:00:00Z,2023-11-30T11:20:46.884909402Z,2.08,sps30_mc_1p0,monitor_task,ESP32-5,urbino,Turing
,,6,2023-11-30T03:00:00Z,2023-11-30T14:00:00Z,2023-11-30T11:26:15.343269695Z,2.43,sps30_mc_1p0,monitor_task,ESP32-5,urbino,Turing
,,6,2023-11-30T03:00:00Z,2023-11-30T14:00:00Z,2023-11-30T11:31:44.070605143Z,2.21,sps30_mc_1p0,monitor_task,ESP32-5,urbino,Turing
,,6,2023-11-30T03:00:00Z,2023-11-30T14:00:00Z,2023-11-30T11:37:12.705070969Z,1.94,sps30_mc_1p0,monitor_task,ESP32-5,urbino,Turing
,,6,2023-11-30T03:00:00Z,2023-11-30T14:00:00Z,2023-11-30T11:42:41.344847074Z,1.91,sps30_mc_1p0,monitor_task,ESP32-5,urbino,Turing
,,6,2023-11-30T03:00:00Z,2023-11-30T14:00:00Z,2023-11-30T11:48:09.986140365Z,2.05,sps30_mc_1p0,monitor_task,ESP32-5,urbino,Turing
,,6,2023-11-30T03:00:00Z,2023-11-30T14:00:00Z,2023-11-30T11:53:38.540866942Z,2.13,sps30_mc_1p0,monitor_task,ESP32-5,urbino,Turing
,,6,2023-11-30T03:00:00Z,2023-11-30T14:00:00Z,2023-11-30T11:59:06.627124759Z,2.41,sps30_mc_1p0,monitor_task,ESP32-5,urbino,Turing
,,6,2023-11-30T03:00:00Z,2023-11-30T14:00:00Z,2023-11-30T12:04:35.515249365Z,2.3,sps30_mc_1p0,monitor_task,ESP32-5,urbino,Turing
,,6,2023-11-30T03:00:00Z,2023-11-30T14:00:00Z,2023-11-30T12:10:04.161330944Z,1.8,sps30_mc_1p0,monitor_task,ESP32-5,urbino,Turing
,,6,2023-11-30T03:00:00Z,2023-11-30T14:00:00Z,2023-11-30T12:15:32.645120222Z,1.89,sps30_mc_1p0,monitor_task,ESP32-5,urbino,Turing
,,6,2023-11-30T03:00:00Z,2023-11-30T14:00:00Z,2023-11-30T12:21:01.208254768Z,2.4,sps30_mc_1p0,monitor_task,ESP32-5,urbino,Turing
,,6,2023-11-30T03:00:00Z,2023-11-30T14:00:00Z,2023-11-30T12:26:29.930500335Z,2.22,sps30_mc_1p0,monitor_task,ESP32-5,urbino,Turing
,,6,2023-11-30T03:00:00Z,2023-11-30T14:00:00Z,2023-11-30T12:31:58.408887319Z,2.14,sps30_mc_1p0,monitor_task,ESP32-5,urbino,Turing
,,6,2023-11-30T03:00:00Z,2023-11-30T14:00:00Z,2023-11-30T12:37:26.954846301Z,1.88,sps30_mc_1p0,monitor_task,ESP32-5,urbino,Turing
,,6,2023-11-30T03:00:00Z,2023-11-30T14:00:00Z,2023-11-30T12:42:55.66533879Z,2.29,sps30_mc_1p0,monitor_task,ESP32-5,urbino,Turing
,,6,2023-11-30T03:00:00Z,2023-11-30T14:00:00Z,2023-11-30T12:48:24.379514105Z,2.2,sps30_mc_1p0,monitor_task,ESP32-5,urbino,Turing
,,6,2023-11-30T03:00:00Z,2023-11-30T14:00:00Z,2023-11-30T12:53:53.29571253Z,1.94,sps30_mc_1p0,monitor_task,ESP32-5,urbino,Turing
,,6,2023-11-30T03:00:00Z,2023-11-30T14:00:00Z,2023-11-30T12:59:21.940008541Z,2.34,sps30_mc_1p0,monitor_task,ESP32-5,urbino,Turing
,,6,2023-11-30T03:00:00Z,2023-11-30T14:00:00Z,2023-11-30T13:04:46.890726641Z,2.47,sps30_mc_1p0,monitor_task,ESP32-5,urbino,Turing
,,6,2023-11-30T03:00:00Z,2023-11-30T14:00:00Z,2023-11-30T13:10:11.218250584Z,2.21,sps30_mc_1p0,monitor_task,ESP32-5,urbino,Turing
,,6,2023-11-30T03:00:00Z,2023-11-30T14:00:00Z,2023-11-30T13:15:35.643369758Z,3.14,sps30_mc_1p0,monitor_task,ESP32-5,urbino,Turing
,,6,2023-11-30T03:00:00Z,2023-11-30T14:00:00Z,2023-11-30T13:21:00.296882404Z,2.49,sps30_mc_1p0,monitor_task,ESP32-5,urbino,Turing
,,6,2023-11-30T03:00:00Z,2023-11-30T14:00:00Z,2023-11-30T13:26:25.097756836Z,2.62,sps30_mc_1p0,monitor_task,ESP32-5,urbino,Turing
,,6,2023-11-30T03:00:00Z,2023-11-30T14:00:00Z,2023-11-30T13:31:50.462133839Z,2.91,sps30_mc_1p0,monitor_task,ESP32-5,urbino,Turing
,,6,2023-11-30T03:00:00Z,2023-11-30T14:00:00Z,2023-11-30T13:37:15.338649237Z,2.75,sps30_mc_1p0,monitor_task,ESP32-5,urbino,Turing
,,6,2023-11-30T03:00:00Z,2023-11-30T14:00:00Z,2023-11-30T13:42:40.13243535Z,2.75,sps30_mc_1p0,monitor_task,ESP32-5,urbino,Turing
,,6,2023-11-30T03:00:00Z,2023-11-30T14:00:00Z,2023-11-30T13:48:04.845496909Z,2.95,sps30_mc_1p0,monitor_task,ESP32-5,urbino,Turing
,,6,2023-11-30T03:00:00Z,2023-11-30T14:00:00Z,2023-11-30T13:53:29.726862233Z,2.79,sps30_mc_1p0,monitor_task,ESP32-5,urbino,Turing
,,6,2023-11-30T03:00:00Z,2023-11-30T14:00:00Z,2023-11-30T13:58:54.678702818Z,2.67,sps30_mc_1p0,monitor_task,ESP32-5,urbino,Turing
,,7,2023-11-30T03:00:00Z,2023-11-30T14:00:00Z,2023-11-30T03:01:06.135548043Z,3.62,sps30_mc_2p5,monitor_task,ESP32-5,urbino,Turing
,,7,2023-11-30T03:00:00Z,2023-11-30T14:00:00Z,2023-11-30T03:06:30.652046627Z,3.08,sps30_mc_2p5,monitor_task,ESP32-5,urbino,Turing
,,7,2023-11-30T03:00:00Z,2023-11-30T14:00:00Z,2023-11-30T03:11:55.456254708Z,3.58,sps30_mc_2p5,monitor_task,ESP32-5,urbino,Turing
,,7,2023-11-30T03:00:00Z,2023-11-30T14:00:00Z,2023-11-30T03:17:20.332066316Z,3.65,sps30_mc_2p5,monitor_task,ESP32-5,urbino,Turing
,,7,2023-11-30T03:00:00Z,2023-11-30T14:00:00Z,2023-11-30T03:22:45.131728251Z,3.97,sps30_mc_2p5,monitor_task,ESP32-5,urbino,Turing
,,7,2023-11-30T03:00:00Z,2023-11-30T14:00:00Z,2023-11-30T03:28:09.704134588Z,3.67,sps30_mc_2p5,monitor_task,ESP32-5,urbino,Turing
,,7,2023-11-30T03:00:00Z,2023-11-30T14:00:00Z,2023-11-30T03:33:34.122827382Z,3.12,sps30_mc_2p5,monitor_task,ESP32-5,urbino,Turing
,,7,2023-11-30T03:00:00Z,2023-11-30T14:00:00Z,2023-11-30T03:38:58.523912754Z,3.34,sps30_mc_2p5,monitor_task,ESP32-5,urbino,Turing
,,7,2023-11-30T03:00:00Z,2023-11-30T14:00:00Z,2023-11-30T03:44:23.372116994Z,3.84,sps30_mc_2p5,monitor_task,ESP32-5,urbino,Turing
,,7,2023-11-30T03:00:00Z,2023-11-30T14:00:00Z,2023-11-30T03:49:47.582182302Z,3.34,sps30_mc_2p5,monitor_task,ESP32-5,urbino,Turing
,,7,2023-11-30T03:00:00Z,2023-11-30T14:00:00Z,2023-11-30T03:55:12.455639491Z,3.06,sps30_mc_2p5,monitor_task,ESP32-5,urbino,Turing
,,7,2023-11-30T03:00:00Z,2023-11-30T14:00:00Z,2023-11-30T04:00:37.605877073Z,4,sps30_mc_2p5,monitor_task,ESP32-5,urbino,Turing
,,7,2023-11-30T03:00:00Z,2023-11-30T14:00:00Z,2023-11-30T04:06:02.066503189Z,3.91,sps30_mc_2p5,monitor_task,ESP32-5,urbino,Turing
,,7,2023-11-30T03:00:00Z,2023-11-30T14:00:00Z,2023-11-30T04:11:26.854556404Z,3.66,sps30_mc_2p5,monitor_task,ESP32-5,urbino,Turing
,,7,2023-11-30T03:00:00Z,2023-11-30T14:00:00Z,2023-11-30T04:16:51.423614875Z,3.5,sps30_mc_2p5,monitor_task,ESP32-5,urbino,Turing
,,7,2023-11-30T03:00:00Z,2023-11-30T14:00:00Z,2023-11-30T04:22:16.363928716Z,3.26,sps30_mc_2p5,monitor_task,ESP32-5,urbino,Turing
,,7,2023-11-30T03:00:00Z,2023-11-30T14:00:00Z,2023-11-30T04:27:41.15404958Z,3.9,sps30_mc_2p5,monitor_task,ESP32-5,urbino,Turing
,,7,2023-11-30T03:00:00Z,2023-11-30T14:00:00Z,2023-11-30T04:33:05.791931014Z,3.02,sps30_mc_2p5,monitor_task,ESP32-5,urbino,Turing
,,7,2023-11-30T03:00:00Z,2023-11-30T14:00:00Z,2023-11-30T04:38:30.463601873Z,3.06,sps30_mc_2p5,monitor_task,ESP32-5,urbino,Turing
,,7,2023-11-30T03:00:00Z,2023-11-30T14:00:00Z,2023-11-30T04:43:54.900124906Z,3.4,sps30_mc_2p5,monitor_task,ESP32-5,urbino,Turing
,,7,2023-11-30T03:00:00Z,2023-11-30T14:00:00Z,2023-11-30T04:49:20.016166535Z,3.81,sps30_mc_2p5,monitor_task,ESP32-5,urbino,Turing
,,7,2023-11-30T03:00:00Z,2023-11-30T14:00:00Z,2023-11-30T04:54:44.923386973Z,2.91,sps30_mc_2p5,monitor_task,ESP32-5,urbino,Turing
,,7,2023-11-30T03:00:00Z,2023-11-30T14:00:00Z,2023-11-30T05:00:09.530220487Z,3.63,sps30_mc_2p5,monitor_task,ESP32-5,urbino,Turing
,,7,2023-11-30T03:00:00Z,2023-11-30T14:00:00Z,2023-11-30T05:05:34.170020645Z,3.09,sps30_mc_2p5,monitor_task,ESP32-5,urbino,Turing
,,7,2023-11-30T03:00:00Z,2023-11-30T14:00:00Z,2023-11-30T05:10:58.958747944Z,3.76,sps30_mc_2p5,monitor_task,ESP32-5,urbino,Turing
,,7,2023-11-30T03:00:00Z,2023-11-30T14:00:00Z,2023-11-30T05:16:23.59462444Z,3.51,sps30_mc_2p5,monitor_task,ESP32-5,urbino,Turing
,,7,2023-11-30T03:00:00Z,2023-11-30T14:00:00Z,2023-11-30T05:21:47.990162537Z,3.82,sps30_mc_2p5,monitor_task,ESP32-5,urbino,Turing
,,7,2023-11-30T03:00:00Z,2023-11-30T14:00:00Z,2023-11-30T05:27:12.550971063Z,3.54,sps30_mc_2p5,monitor_task,ESP32-5,urbino,Turing
,,7,2023-11-30T03:00:00Z,2023-11-30T14:00:00Z,2023-11-30T05:32:37.442999339Z,3.91,sps30_mc_2p5,monitor_task,ESP32-5,urbino,Turing
,,7,2023-11-30T03:00:00Z,2023-11-30T14:00:00Z,2023-11-30T05:38:02.266088836Z,3.12,sps30_mc_2p5,monitor_task,ESP32-5,urbino,Turing
,,7,2023-11-30T03:00:00Z,2023-11-30T14:00:00Z,2023-11-30T05:43:26.829598767Z,3.58,sps30_mc_2p5,monitor_task,ESP32-5,urbino,Turing
,,7,2023-11-30T03:00:00Z,2023-11-30T14:00:00Z,2023-11-30T05:48:51.497142865Z,3.27,sps30_mc_2p5,monitor_task,ESP32-5,urbino,Turing
,,7,2023-11-30T03:00:00Z,2023-11-30T14:00:00Z,2023-11-30T05:54:15.945518642Z,3.24,sps30_mc_2p5,monitor_task,ESP32-5,urbino,Turing
,,7,2023-11-30T03:00:00Z,2023-11-30T14:00:00Z,2023-11-30T05:59:40.749865764Z,2.69,sps30_mc_2p5,monitor_task,ESP32-5,urbino,Turing
,,7,2023-11-30T03:00:00Z,2023-11-30T14:00:00Z,2023-11-30T06:05:04.837279132Z,2.88,sps30_mc_2p5,monitor_task,ESP32-5,urbino,Turing
,,7,2023-11-30T03:00:00Z,2023-11-30T14:00:00Z,2023-11-30T06:10:29.165778373Z,2.98,sps30_mc_2p5,monitor_task,ESP32-5,urbino,Turing
,,7,2023-11-30T03:00:00Z,2023-11-30T14:00:00Z,2023-11-30T06:15:53.572432378Z,3.13,sps30_mc_2p5,monitor_task,ESP32-5,urbino,Turing
,,7,2023-11-30T03:00:00Z,2023-11-30T14:00:00Z,2023-11-30T06:21:17.949779926Z,3.41,sps30_mc_2p5,monitor_task,ESP32-5,urbino,Turing
,,7,2023-11-30T03:00:00Z,2023-11-30T14:00:00Z,2023-11-30T06:26:42.455008999Z,3.24,sps30_mc_2p5,monitor_task,ESP32-5,urbino,Turing
,,7,2023-11-30T03:00:00Z,2023-11-30T14:00:00Z,2023-11-30T06:32:07.058117148Z,2.95,sps30_mc_2p5,monitor_task,ESP32-5,urbino,Turing
,,7,2023-11-30T03:00:00Z,2023-11-30T14:00:00Z,2023-11-30T06:37:31.659353431Z,3.41,sps30_mc_2p5,monitor_task,ESP32-5,urbino,Turing
,,7,2023-11-30T03:00:00Z,2023-11-30T14:00:00Z,2023-11-30T06:42:56.26067634Z,2.81,sps30_mc_2p5,monitor_task,ESP32-5,urbino,Turing
,,7,2023-11-30T03:00:00Z,2023-11-30T14:00:00Z,2023-11-30T06:48:20.825832183Z,2.26,sps30_mc_2p5,monitor_task,ESP32-5,urbino,Turing
,,7,2023-11-30T03:00:00Z,2023-11-30T14:00:00Z,2023-11-30T06:53:45.608174453Z,2.33,sps30_mc_2p5,monitor_task,ESP32-5,urbino,Turing
,,7,2023-11-30T03:00:00Z,2023-11-30T14:00:00Z,2023-11-30T06:59:10.020720901Z,2.5,sps30_mc_2p5,monitor_task,ESP32-5,urbino,Turing
,,7,2023-11-30T03:00:00Z,2023-11-30T14:00:00Z,2023-11-30T07:04:35.102779944Z,1.93,sps30_mc_2p5,monitor_task,ESP32-5,urbino,Turing
,,7,2023-11-30T03:00:00Z,2023-11-30T14:00:00Z,2023-11-30T07:09:59.578705766Z,1.6,sps30_mc_2p5,monitor_task,ESP32-5,urbino,Turing
,,7,2023-11-30T03:00:00Z,2023-11-30T14:00:00Z,2023-11-30T07:15:24.056734945Z,1.96,sps30_mc_2p5,monitor_task,ESP32-5,urbino,Turing
,,7,2023-11-30T03:00:00Z,2023-11-30T14:00:00Z,2023-11-30T07:20:48.462239954Z,1.84,sps30_mc_2p5,monitor_task,ESP32-5,urbino,Turing
,,7,2023-11-30T03:00:00Z,2023-11-30T14:00:00Z,2023-11-30T07:26:12.954522068Z,2,sps30_mc_2p5,monitor_task,ESP32-5,urbino,Turing
,,7,2023-11-30T03:00:00Z,2023-11-30T14:00:00Z,2023-11-30T07:31:37.526781402Z,2.05,sps30_mc_2p5,monitor_task,ESP32-5,urbino,Turing
,,7,2023-11-30T03:00:00Z,2023-11-30T14:00:00Z,2023-11-30T07:37:01.92794101Z,1.95,sps30_mc_2p5,monitor_task,ESP32-5,urbino,Turing
,,7,2023-11-30T03:00:00Z,2023-11-30T14:00:00Z,2023-11-30T07:42:26.254142088Z,1.81,sps30_mc_2p5,monitor_task,ESP32-5,urbino,Turing
,,7,2023-11-30T03:00:00Z,2023-11-30T14:00:00Z,2023-11-30T07:47:50.658584671Z,1.66,sps30_mc_2p5,monitor_task,ESP32-5,urbino,Turing
,,7,2023-11-30T03:00:00Z,2023-11-30T14:00:00Z,2023-11-30T07:53:15.145057492Z,2.03,sps30_mc_2p5,monitor_task,ESP32-5,urbino,Turing
,,7,2023-11-30T03:00:00Z,2023-11-30T14:00:00Z,2023-11-30T07:58:39.574282609Z,2.01,sps30_mc_2p5,monitor_task,ESP32-5,urbino,Turing
,,7,2023-11-30T03:00:00Z,2023-11-30T14:00:00Z,2023-11-30T08:04:04.337181298Z,2.36,sps30_mc_2p5,monitor_task,ESP32-5,urbino,Turing
,,7,2023-11-30T03:00:00Z,2023-11-30T14:00:00Z,2023-11-30T08:09:29.05429118Z,1.92,sps30_mc_2p5,monitor_task,ESP32-5,urbino,Turing
,,7,2023-11-30T03:00:00Z,2023-11-30T14:00:00Z,2023-11-30T08:14:53.61224968Z,2.67,sps30_mc_2p5,monitor_task,ESP32-5,urbino,Turing
,,7,2023-11-30T03:00:00Z,2023-11-30T14:00:00Z,2023-11-30T08:20:18.731806295Z,2.04,sps30_mc_2p5,monitor_task,ESP32-5,urbino,Turing
,,7,2023-11-30T03:00:00Z,2023-11-30T14:00:00Z,2023-11-30T08:25:43.131816651Z,2.45,sps30_mc_2p5,monitor_task,ESP32-5,urbino,Turing
,,7,2023-11-30T03:00:00Z,2023-11-30T14:00:00Z,2023-11-30T08:31:07.852349267Z,2.48,sps30_mc_2p5,monitor_task,ESP32-5,urbino,Turing
,,7,2023-11-30T03:00:00Z,2023-11-30T14:00:00Z,2023-11-30T08:36:33.204656499Z,2.16,sps30_mc_2p5,monitor_task,ESP32-5,urbino,Turing
,,7,2023-11-30T03:00:00Z,2023-11-30T14:00:00Z,2023-11-30T08:41:57.917816543Z,2.79,sps30_mc_2p5,monitor_task,ESP32-5,urbino,Turing
,,7,2023-11-30T03:00:00Z,2023-11-30T14:00:00Z,2023-11-30T08:47:26.07349553Z,2.57,sps30_mc_2p5,monitor_task,ESP32-5,urbino,Turing
,,7,2023-11-30T03:00:00Z,2023-11-30T14:00:00Z,2023-11-30T08:52:54.632969786Z,2.31,sps30_mc_2p5,monitor_task,ESP32-5,urbino,Turing
,,7,2023-11-30T03:00:00Z,2023-11-30T14:00:00Z,2023-11-30T08:58:23.190852863Z,1.98,sps30_mc_2p5,monitor_task,ESP32-5,urbino,Turing
,,7,2023-11-30T03:00:00Z,2023-11-30T14:00:00Z,2023-11-30T09:03:52.640177762Z,2.5,sps30_mc_2p5,monitor_task,ESP32-5,urbino,Turing
,,7,2023-11-30T03:00:00Z,2023-11-30T14:00:00Z,2023-11-30T09:09:21.907948845Z,2.28,sps30_mc_2p5,monitor_task,ESP32-5,urbino,Turing
,,7,2023-11-30T03:00:00Z,2023-11-30T14:00:00Z,2023-11-30T09:14:50.377199999Z,2.2,sps30_mc_2p5,monitor_task,ESP32-5,urbino,Turing
,,7,2023-11-30T03:00:00Z,2023-11-30T14:00:00Z,2023-11-30T09:20:18.933953044Z,2.46,sps30_mc_2p5,monitor_task,ESP32-5,urbino,Turing
,,7,2023-11-30T03:00:00Z,2023-11-30T14:00:00Z,2023-11-30T09:25:47.570706019Z,2.72,sps30_mc_2p5,monitor_task,ESP32-5,urbino,Turing
,,7,2023-11-30T03:00:00Z,2023-11-30T14:00:00Z,2023-11-30T09:31:15.966230686Z,2.38,sps30_mc_2p5,monitor_task,ESP32-5,urbino,Turing
,,7,2023-11-30T03:00:00Z,2023-11-30T14:00:00Z,2023-11-30T09:36:44.443847419Z,2,sps30_mc_2p5,monitor_task,ESP32-5,urbino,Turing
,,7,2023-11-30T03:00:00Z,2023-11-30T14:00:00Z,2023-11-30T09:42:12.768039005Z,2.48,sps30_mc_2p5,monitor_task,ESP32-5,urbino,Turing
,,7,2023-11-30T03:00:00Z,2023-11-30T14:00:00Z,2023-11-30T09:47:41.250183742Z,2.77,sps30_mc_2p5,monitor_task,ESP32-5,urbino,Turing
,,7,2023-11-30T03:00:00Z,2023-11-30T14:00:00Z,2023-11-30T09:53:09.574382735Z,3.07,sps30_mc_2p5,monitor_task,ESP32-5,urbino,Turing
,,7,2023-11-30T03:00:00Z,2023-11-30T14:00:00Z,2023-11-30T09:58:37.89442585Z,3.2,sps30_mc_2p5,monitor_task,ESP32-5,urbino,Turing
,,7,2023-11-30T03:00:00Z,2023-11-30T14:00:00Z,2023-11-30T10:04:06.632736194Z,2.89,sps30_mc_2p5,monitor_task,ESP32-5,urbino,Turing
,,7,2023-11-30T03:00:00Z,2023-11-30T14:00:00Z,2023-11-30T10:09:34.933131741Z,2.68,sps30_mc_2p5,monitor_task,ESP32-5,urbino,Turing
,,7,2023-11-30T03:00:00Z,2023-11-30T14:00:00Z,2023-11-30T10:15:03.493310587Z,3.09,sps30_mc_2p5,monitor_task,ESP32-5,urbino,Turing
,,7,2023-11-30T03:00:00Z,2023-11-30T14:00:00Z,2023-11-30T10:20:31.738946165Z,2.84,sps30_mc_2p5,monitor_task,ESP32-5,urbino,Turing
,,7,2023-11-30T03:00:00Z,2023-11-30T14:00:00Z,2023-11-30T10:26:00.062833275Z,3.02,sps30_mc_2p5,monitor_task,ESP32-5,urbino,Turing
,,7,2023-11-30T03:00:00Z,2023-11-30T14:00:00Z,2023-11-30T10:31:28.554614549Z,2.71,sps30_mc_2p5,monitor_task,ESP32-5,urbino,Turing
,,7,2023-11-30T03:00:00Z,2023-11-30T14:00:00Z,2023-11-30T10:36:56.865835275Z,2.84,sps30_mc_2p5,monitor_task,ESP32-5,urbino,Turing
,,7,2023-11-30T03:00:00Z,2023-11-30T14:00:00Z,2023-11-30T10:42:25.187627499Z,2.34,sps30_mc_2p5,monitor_task,ESP32-5,urbino,Turing
,,7,2023-11-30T03:00:00Z,2023-11-30T14:00:00Z,2023-11-30T10:47:53.672584059Z,2.19,sps30_mc_2p5,monitor_task,ESP32-5,urbino,Turing
,,7,2023-11-30T03:00:00Z,2023-11-30T14:00:00Z,2023-11-30T10:53:24.1553155Z,3.21,sps30_mc_2p5,monitor_task,ESP32-5,urbino,Turing
,,7,2023-11-30T03:00:00Z,2023-11-30T14:00:00Z,2023-11-30T10:58:53.119661904Z,2.8,sps30_mc_2p5,monitor_task,ESP32-5,urbino,Turing
,,7,2023-11-30T03:00:00Z,2023-11-30T14:00:00Z,2023-11-30T11:04:21.840063113Z,3.03,sps30_mc_2p5,monitor_task,ESP32-5,urbino,Turing
,,7,2023-11-30T03:00:00Z,2023-11-30T14:00:00Z,2023-11-30T11:09:50.483357115Z,2.63,sps30_mc_2p5,monitor_task,ESP32-5,urbino,Turing
,,7,2023-11-30T03:00:00Z,2023-11-30T14:00:00Z,2023-11-30T11:15:18.653697901Z,3.2,sps30_mc_2p5,monitor_task,ESP32-5,urbino,Turing
,,7,2023-11-30T03:00:00Z,2023-11-30T14:00:00Z,2023-11-30T11:20:46.884909402Z,2.71,sps30_mc_2p5,monitor_task,ESP32-5,urbino,Turing
,,7,2023-11-30T03:00:00Z,2023-11-30T14:00:00Z,2023-11-30T11:26:15.343269695Z,3.18,sps30_mc_2p5,monitor_task,ESP32-5,urbino,Turing
,,7,2023-11-30T03:00:00Z,2023-11-30T14:00:00Z,2023-11-30T11:31:44.070605143Z,2.88,sps30_mc_2p5,monitor_task,ESP32-5,urbino,Turing
,,7,2023-11-30T03:00:00Z,2023-11-30T14:00:00Z,2023-11-30T11:37:12.705070969Z,2.59,sps30_mc_2p5,monitor_task,ESP32-5,urbino,Turing
,,7,2023-11-30T03:00:00Z,2023-11-30T14:00:00Z,2023-11-30T11:42:41.344847074Z,2.53,sps30_mc_2p5,monitor_task,ESP32-5,urbino,Turing
,,7,2023-11-30T03:00:00Z,2023-11-30T14:00:00Z,2023-11-30T11:48:09.986140365Z,2.8,sps30_mc_2p5,monitor_task,ESP32-5,urbino,Turing
,,7,2023-11-30T03:00:00Z,2023-11-30T14:00:00Z,2023-11-30T11:53:38.540866942Z,2.79,sps30_mc_2p5,monitor_task,ESP32-5,urbino,Turing
,,7,2023-11-30T03:00:00Z,2023-11-30T14:00:00Z,2023-11-30T11:59:06.627124759Z,3.17,sps30_mc_2p5,monitor_task,ESP32-5,urbino,Turing
,,7,2023-11-30T03:00:00Z,2023-11-30T14:00:00Z,2023-11-30T12:04:35.515249365Z,2.92,sps30_mc_2p5,monitor_task,ESP32-5,urbino,Turing
,,7,2023-11-30T03:00:00Z,2023-11-30T14:00:00Z,2023-11-30T12:10:04.161330944Z,2.19,sps30_mc_2p5,monitor_task,ESP32-5,urbino,Turing
,,7,2023-11-30T03:00:00Z,2023-11-30T14:00:00Z,2023-11-30T12:15:32.645120222Z,2.31,sps30_mc_2p5,monitor_task,ESP32-5,urbino,Turing
,,7,2023-11-30T03:00:00Z,2023-11-30T14:00:00Z,2023-11-30T12:21:01.208254768Z,2.91,sps30_mc_2p5,monitor_task,ESP32-5,urbino,Turing
,,7,2023-11-30T03:00:00Z,2023-11-30T14:00:00Z,2023-11-30T12:26:29.930500335Z,2.65,sps30_mc_2p5,monitor_task,ESP32-5,urbino,Turing
,,7,2023-11-30T03:00:00Z,2023-11-30T14:00:00Z,2023-11-30T12:31:58.408887319Z,2.55,sps30_mc_2p5,monitor_task,ESP32-5,urbino,Turing
,,7,2023-11-30T03:00:00Z,2023-11-30T14:00:00Z,2023-11-30T12:37:26.954846301Z,2.14,sps30_mc_2p5,monitor_task,ESP32-5,urbino,Turing
,,7,2023-11-30T03:00:00Z,2023-11-30T14:00:00Z,2023-11-30T12:42:55.66533879Z,2.62,sps30_mc_2p5,monitor_task,ESP32-5,urbino,Turing
,,7,2023-11-30T03:00:00Z,2023-11-30T14:00:00Z,2023-11-30T12:48:24.379514105Z,2.51,sps30_mc_2p5,monitor_task,ESP32-5,urbino,Turing
,,7,2023-11-30T03:00:00Z,2023-11-30T14:00:00Z,2023-11-30T12:53:53.29571253Z,2.25,sps30_mc_2p5,monitor_task,ESP32-5,urbino,Turing
,,7,2023-11-30T03:00:00Z,2023-11-30T14:00:00Z,2023-11-30T12:59:21.940008541Z,2.61,sps30_mc_2p5,monitor_task,ESP32-5,urbino,Turing
,,7,2023-11-30T03:00:00Z,2023-11-30T14:00:00Z,2023-11-30T13:04:46.890726641Z,2.67,sps30_mc_2p5,monitor_task,ESP32-5,urbino,Turing
,,7,2023-11-30T03:00:00Z,2023-11-30T14:00:00Z,2023-11-30T13:10:11.218250584Z,2.39,sps30_mc_2p5,monitor_task,ESP32-5,urbino,Turing
,,7,2023-11-30T03:00:00Z,2023-11-30T14:00:00Z,2023-11-30T13:15:35.643369758Z,3.33,sps30_mc_2p5,monitor_task,ESP32-5,urbino,Turing
,,7,2023-11-30T03:00:00Z,2023-11-30T14:00:00Z,2023-11-30T13:21:00.296882404Z,2.64,sps30_mc_2p5,monitor_task,ESP32-5,urbino,Turing
,,7,2023-11-30T03:00:00Z,2023-11-30T14:00:00Z,2023-11-30T13:26:25.097756836Z,2.77,sps30_mc_2p5,monitor_task,ESP32-5,urbino,Turing
,,7,2023-11-30T03:00:00Z,2023-11-30T14:00:00Z,2023-11-30T13:31:50.462133839Z,3.1,sps30_mc_2p5,monitor_task,ESP32-5,urbino,Turing
,,7,2023-11-30T03:00:00Z,2023-11-30T14:00:00Z,2023-11-30T13:37:15.338649237Z,2.94,sps30_mc_2p5,monitor_task,ESP32-5,urbino,Turing
,,7,2023-11-30T03:00:00Z,2023-11-30T14:00:00Z,2023-11-30T13:42:40.13243535Z,2.91,sps30_mc_2p5,monitor_task,ESP32-5,urbino,Turing
,,7,2023-11-30T03:00:00Z,2023-11-30T14:00:00Z,2023-11-30T13:48:04.845496909Z,3.12,sps30_mc_2p5,monitor_task,ESP32-5,urbino,Turing
,,7,2023-11-30T03:00:00Z,2023-11-30T14:00:00Z,2023-11-30T13:53:29.726862233Z,2.96,sps30_mc_2p5,monitor_task,ESP32-5,urbino,Turing
,,7,2023-11-30T03:00:00Z,2023-11-30T14:00:00Z,2023-11-30T13:58:54.678702818Z,2.84,sps30_mc_2p5,monitor_task,ESP32-5,urbino,Turing
,,8,2023-11-30T03:00:00Z,2023-11-30T14:00:00Z,2023-11-30T03:01:06.135548043Z,3.62,sps30_mc_4p0,monitor_task,ESP32-5,urbino,Turing
,,8,2023-11-30T03:00:00Z,2023-11-30T14:00:00Z,2023-11-30T03:06:30.652046627Z,3.1,sps30_mc_4p0,monitor_task,ESP32-5,urbino,Turing
,,8,2023-11-30T03:00:00Z,2023-11-30T14:00:00Z,2023-11-30T03:11:55.456254708Z,3.61,sps30_mc_4p0,monitor_task,ESP32-5,urbino,Turing
,,8,2023-11-30T03:00:00Z,2023-11-30T14:00:00Z,2023-11-30T03:17:20.332066316Z,3.71,sps30_mc_4p0,monitor_task,ESP32-5,urbino,Turing
,,8,2023-11-30T03:00:00Z,2023-11-30T14:00:00Z,2023-11-30T03:22:45.131728251Z,4.01,sps30_mc_4p0,monitor_task,ESP32-5,urbino,Turing
,,8,2023-11-30T03:00:00Z,2023-11-30T14:00:00Z,2023-11-30T03:28:09.704134588Z,3.69,sps30_mc_4p0,monitor_task,ESP32-5,urbino,Turing
,,8,2023-11-30T03:00:00Z,2023-11-30T14:00:00Z,2023-11-30T03:33:34.122827382Z,3.14,sps30_mc_4p0,monitor_task,ESP32-5,urbino,Turing
,,8,2023-11-30T03:00:00Z,2023-11-30T14:00:00Z,2023-11-30T03:38:58.523912754Z,3.36,sps30_mc_4p0,monitor_task,ESP32-5,urbino,Turing
,,8,2023-11-30T03:00:00Z,2023-11-30T14:00:00Z,2023-11-30T03:44:23.372116994Z,3.85,sps30_mc_4p0,monitor_task,ESP32-5,urbino,Turing
,,8,2023-11-30T03:00:00Z,2023-11-30T14:00:00Z,2023-11-30T03:49:47.582182302Z,3.34,sps30_mc_4p0,monitor_task,ESP32-5,urbino,Turing
,,8,2023-11-30T03:00:00Z,2023-11-30T14:00:00Z,2023-11-30T03:55:12.455639491Z,3.07,sps30_mc_4p0,monitor_task,ESP32-5,urbino,Turing
,,8,2023-11-30T03:00:00Z,2023-11-30T14:00:00Z,2023-11-30T04:00:37.605877073Z,4.01,sps30_mc_4p0,monitor_task,ESP32-5,urbino,Turing
,,8,2023-11-30T03:00:00Z,2023-11-30T14:00:00Z,2023-11-30T04:06:02.066503189Z,3.92,sps30_mc_4p0,monitor_task,ESP32-5,urbino,Turing
,,8,2023-11-30T03:00:00Z,2023-11-30T14:00:00Z,2023-11-30T04:11:26.854556404Z,3.67,sps30_mc_4p0,monitor_task,ESP32-5,urbino,Turing
,,8,2023-11-30T03:00:00Z,2023-11-30T14:00:00Z,2023-11-30T04:16:51.423614875Z,3.5,sps30_mc_4p0,monitor_task,ESP32-5,urbino,Turing
,,8,2023-11-30T03:00:00Z,2023-11-30T14:00:00Z,2023-11-30T04:22:16.363928716Z,3.26,sps30_mc_4p0,monitor_task,ESP32-5,urbino,Turing
,,8,2023-11-30T03:00:00Z,2023-11-30T14:00:00Z,2023-11-30T04:27:41.15404958Z,3.91,sps30_mc_4p0,monitor_task,ESP32-5,urbino,Turing
,,8,2023-11-30T03:00:00Z,2023-11-30T14:00:00Z,2023-11-30T04:33:05.791931014Z,3.04,sps30_mc_4p0,monitor_task,ESP32-5,urbino,Turing
,,8,2023-11-30T03:00:00Z,2023-11-30T14:00:00Z,2023-11-30T04:38:30.463601873Z,3.1,sps30_mc_4p0,monitor_task,ESP32-5,urbino,Turing
,,8,2023-11-30T03:00:00Z,2023-11-30T14:00:00Z,2023-11-30T04:43:54.900124906Z,3.43,sps30_mc_4p0,monitor_task,ESP32-5,urbino,Turing
,,8,2023-11-30T03:00:00Z,2023-11-30T14:00:00Z,2023-11-30T04:49:20.016166535Z,3.85,sps30_mc_4p0,monitor_task,ESP32-5,urbino,Turing
,,8,2023-11-30T03:00:00Z,2023-11-30T14:00:00Z,2023-11-30T04:54:44.923386973Z,2.93,sps30_mc_4p0,monitor_task,ESP32-5,urbino,Turing
,,8,2023-11-30T03:00:00Z,2023-11-30T14:00:00Z,2023-11-30T05:00:09.530220487Z,3.68,sps30_mc_4p0,monitor_task,ESP32-5,urbino,Turing
,,8,2023-11-30T03:00:00Z,2023-11-30T14:00:00Z,2023-11-30T05:05:34.170020645Z,3.11,sps30_mc_4p0,monitor_task,ESP32-5,urbino,Turing
,,8,2023-11-30T03:00:00Z,2023-11-30T14:00:00Z,2023-11-30T05:10:58.958747944Z,3.82,sps30_mc_4p0,monitor_task,ESP32-5,urbino,Turing
,,8,2023-11-30T03:00:00Z,2023-11-30T14:00:00Z,2023-11-30T05:16:23.59462444Z,3.54,sps30_mc_4p0,monitor_task,ESP32-5,urbino,Turing
,,8,2023-11-30T03:00:00Z,2023-11-30T14:00:00Z,2023-11-30T05:21:47.990162537Z,3.87,sps30_mc_4p0,monitor_task,ESP32-5,urbino,Turing
,,8,2023-11-30T03:00:00Z,2023-11-30T14:00:00Z,2023-11-30T05:27:12.550971063Z,3.56,sps30_mc_4p0,monitor_task,ESP32-5,urbino,Turing
,,8,2023-11-30T03:00:00Z,2023-11-30T14:00:00Z,2023-11-30T05:32:37.442999339Z,3.94,sps30_mc_4p0,monitor_task,ESP32-5,urbino,Turing
,,8,2023-11-30T03:00:00Z,2023-11-30T14:00:00Z,2023-11-30T05:38:02.266088836Z,3.13,sps30_mc_4p0,monitor_task,ESP32-5,urbino,Turing
,,8,2023-11-30T03:00:00Z,2023-11-30T14:00:00Z,2023-11-30T05:43:26.829598767Z,3.58,sps30_mc_4p0,monitor_task,ESP32-5,urbino,Turing
,,8,2023-11-30T03:00:00Z,2023-11-30T14:00:00Z,2023-11-30T05:48:51.497142865Z,3.31,sps30_mc_4p0,monitor_task,ESP32-5,urbino,Turing
,,8,2023-11-30T03:00:00Z,2023-11-30T14:00:00Z,2023-11-30T05:54:15.945518642Z,3.28,sps30_mc_4p0,monitor_task,ESP32-5,urbino,Turing
,,8,2023-11-30T03:00:00Z,2023-11-30T14:00:00Z,2023-11-30T05:59:40.749865764Z,2.71,sps30_mc_4p0,monitor_task,ESP32-5,urbino,Turing
,,8,2023-11-30T03:00:00Z,2023-11-30T14:00:00Z,2023-11-30T06:05:04.837279132Z,2.91,sps30_mc_4p0,monitor_task,ESP32-5,urbino,Turing
,,8,2023-11-30T03:00:00Z,2023-11-30T14:00:00Z,2023-11-30T06:10:29.165778373Z,2.98,sps30_mc_4p0,monitor_task,ESP32-5,urbino,Turing
,,8,2023-11-30T03:00:00Z,2023-11-30T14:00:00Z,2023-11-30T06:15:53.572432378Z,3.14,sps30_mc_4p0,monitor_task,ESP32-5,urbino,Turing
,,8,2023-11-30T03:00:00Z,2023-11-30T14:00:00Z,2023-11-30T06:21:17.949779926Z,3.41,sps30_mc_4p0,monitor_task,ESP32-5,urbino,Turing
,,8,2023-11-30T03:00:00Z,2023-11-30T14:00:00Z,2023-11-30T06:26:42.455008999Z,3.26,sps30_mc_4p0,monitor_task,ESP32-5,urbino,Turing
,,8,2023-11-30T03:00:00Z,2023-11-30T14:00:00Z,2023-11-30T06:32:07.058117148Z,2.97,sps30_mc_4p0,monitor_task,ESP32-5,urbino,Turing
,,8,2023-11-30T03:00:00Z,2023-11-30T14:00:00Z,2023-11-30T06:37:31.659353431Z,3.44,sps30_mc_4p0,monitor_task,ESP32-5,urbino,Turing
,,8,2023-11-30T03:00:00Z,2023-11-30T14:00:00Z,2023-11-30T06:42:56.26067634Z,2.81,sps30_mc_4p0,monitor_task,ESP32-5,urbino,Turing
,,8,2023-11-30T03:00:00Z,2023-11-30T14:00:00Z,2023-11-30T06:48:20.825832183Z,2.26,sps30_mc_4p0,monitor_task,ESP32-5,urbino,Turing
,,8,2023-11-30T03:00:00Z,2023-11-30T14:00:00Z,2023-11-30T06:53:45.608174453Z,2.33,sps30_mc_4p0,monitor_task,ESP32-5,urbino,Turing
,,8,2023-11-30T03:00:00Z,2023-11-30T14:00:00Z,2023-11-30T06:59:10.020720901Z,2.5,sps30_mc_4p0,monitor_task,ESP32-5,urbino,Turing
,,8,2023-11-30T03:00:00Z,2023-11-30T14:00:00Z,2023-11-30T07:04:35.102779944Z,1.94,sps30_mc_4p0,monitor_task,ESP32-5,urbino,Turing
,,8,2023-11-30T03:00:00Z,2023-11-30T14:00:00Z,2023-11-30T07:09:59.578705766Z,1.6,sps30_mc_4p0,monitor_task,ESP32-5,urbino,Turing
,,8,2023-11-30T03:00:00Z,2023-11-30T14:00:00Z,2023-11-30T07:15:24.056734945Z,1.96,sps30_mc_4p0,monitor_task,ESP32-5,urbino,Turing
,,8,2023-11-30T03:00:00Z,2023-11-30T14:00:00Z,2023-11-30T07:20:48.462239954Z,1.85,sps30_mc_4p0,monitor_task,ESP32-5,urbino,Turing
,,8,2023-11-30T03:00:00Z,2023-11-30T14:00:00Z,2023-11-30T07:26:12.954522068Z,2,sps30_mc_4p0,monitor_task,ESP32-5,urbino,Turing
,,8,2023-11-30T03:00:00Z,2023-11-30T14:00:00Z,2023-11-30T07:31:37.526781402Z,2.05,sps30_mc_4p0,monitor_task,ESP32-5,urbino,Turing
,,8,2023-11-30T03:00:00Z,2023-11-30T14:00:00Z,2023-11-30T07:37:01.92794101Z,1.95,sps30_mc_4p0,monitor_task,ESP32-5,urbino,Turing
,,8,2023-11-30T03:00:00Z,2023-11-30T14:00:00Z,2023-11-30T07:42:26.254142088Z,1.81,sps30_mc_4p0,monitor_task,ESP32-5,urbino,Turing
,,8,2023-11-30T03:00:00Z,2023-11-30T14:00:00Z,2023-11-30T07:47:50.658584671Z,1.66,sps30_mc_4p0,monitor_task,ESP32-5,urbino,Turing
,,8,2023-11-30T03:00:00Z,2023-11-30T14:00:00Z,2023-11-30T07:53:15.145057492Z,2.04,sps30_mc_4p0,monitor_task,ESP32-5,urbino,Turing
,,8,2023-11-30T03:00:00Z,2023-11-30T14:00:00Z,2023-11-30T07:58:39.574282609Z,2.02,sps30_mc_4p0,monitor_task,ESP32-5,urbino,Turing
,,8,2023-11-30T03:00:00Z,2023-11-30T14:00:00Z,2023-11-30T08:04:04.337181298Z,2.36,sps30_mc_4p0,monitor_task,ESP32-5,urbino,Turing
,,8,2023-11-30T03:00:00Z,2023-11-30T14:00:00Z,2023-11-30T08:09:29.05429118Z,1.92,sps30_mc_4p0,monitor_task,ESP32-5,urbino,Turing
,,8,2023-11-30T03:00:00Z,2023-11-30T14:00:00Z,2023-11-30T08:14:53.61224968Z,2.69,sps30_mc_4p0,monitor_task,ESP32-5,urbino,Turing
,,8,2023-11-30T03:00:00Z,2023-11-30T14:00:00Z,2023-11-30T08:20:18.731806295Z,2.06,sps30_mc_4p0,monitor_task,ESP32-5,urbino,Turing
,,8,2023-11-30T03:00:00Z,2023-11-30T14:00:00Z,2023-11-30T08:25:43.131816651Z,2.52,sps30_mc_4p0,monitor_task,ESP32-5,urbino,Turing
,,8,2023-11-30T03:00:00Z,2023-11-30T14:00:00Z,2023-11-30T08:31:07.852349267Z,2.56,sps30_mc_4p0,monitor_task,ESP32-5,urbino,Turing
,,8,2023-11-30T03:00:00Z,2023-11-30T14:00:00Z,2023-11-30T08:36:33.204656499Z,2.23,sps30_mc_4p0,monitor_task,ESP32-5,urbino,Turing
,,8,2023-11-30T03:00:00Z,2023-11-30T14:00:00Z,2023-11-30T08:41:57.917816543Z,2.95,sps30_mc_4p0,monitor_task,ESP32-5,urbino,Turing
,,8,2023-11-30T03:00:00Z,2023-11-30T14:00:00Z,2023-11-30T08:47:26.07349553Z,2.72,sps30_mc_4p0,monitor_task,ESP32-5,urbino,Turing
,,8,2023-11-30T03:00:00Z,2023-11-30T14:00:00Z,2023-11-30T08:52:54.632969786Z,2.41,sps30_mc_4p0,monitor_task,ESP32-5,urbino,Turing
,,8,2023-11-30T03:00:00Z,2023-11-30T14:00:00Z,2023-11-30T08:58:23.190852863Z,2.08,sps30_mc_4p0,monitor_task,ESP32-5,urbino,Turing
,,8,2023-11-30T03:00:00Z,2023-11-30T14:00:00Z,2023-11-30T09:03:52.640177762Z,2.65,sps30_mc_4p0,monitor_task,ESP32-5,urbino,Turing
,,8,2023-11-30T03:00:00Z,2023-11-30T14:00:00Z,2023-11-30T09:09:21.907948845Z,2.48,sps30_mc_4p0,monitor_task,ESP32-5,urbino,Turing
,,8,2023-11-30T03:00:00Z,2023-11-30T14:00:00Z,2023-11-30T09:14:50.377199999Z,2.4,sps30_mc_4p0,monitor_task,ESP32-5,urbino,Turing
,,8,2023-11-30T03:00:00Z,2023-11-30T14:00:00Z,2023-11-30T09:20:18.933953044Z,2.7,sps30_mc_4p0,monitor_task,ESP32-5,urbino,Turing
,,8,2023-11-30T03:00:00Z,2023-11-30T14:00:00Z,2023-11-30T09:25:47.570706019Z,3,sps30_mc_4p0,monitor_task,ESP32-5,urbino,Turing
,,8,2023-11-30T03:00:00Z,2023-11-30T14:00:00Z,2023-11-30T09:31:15.966230686Z,2.64,sps30_mc_4p0,monitor_task,ESP32-5,urbino,Turing
,,8,2023-11-30T03:00:00Z,2023-11-30T14:00:00Z,2023-11-30T09:36:44.443847419Z,2.2,sps30_mc_4p0,monitor_task,ESP32-5,urbino,Turing
,,8,2023-11-30T03:00:00Z,2023-11-30T14:00:00Z,2023-11-30T09:42:12.768039005Z,2.78,sps30_mc_4p0,monitor_task,ESP32-5,urbino,Turing
,,8,2023-11-30T03:00:00Z,2023-11-30T14:00:00Z,2023-11-30T09:47:41.250183742Z,3.04,sps30_mc_4p0,monitor_task,ESP32-5,urbino,Turing
,,8,2023-11-30T03:00:00Z,2023-11-30T14:00:00Z,2023-11-30T09:53:09.574382735Z,3.63,sps30_mc_4p0,monitor_task,ESP32-5,urbino,Turing
,,8,2023-11-30T03:00:00Z,2023-11-30T14:00:00Z,2023-11-30T09:58:37.89442585Z,3.89,sps30_mc_4p0,monitor_task,ESP32-5,urbino,Turing
,,8,2023-11-30T03:00:00Z,2023-11-30T14:00:00Z,2023-11-30T10:04:06.632736194Z,3.38,sps30_mc_4p0,monitor_task,ESP32-5,urbino,Turing
,,8,2023-11-30T03:00:00Z,2023-11-30T14:00:00Z,2023-11-30T10:09:34.933131741Z,3.04,sps30_mc_4p0,monitor_task,ESP32-5,urbino,Turing
,,8,2023-11-30T03:00:00Z,2023-11-30T14:00:00Z,2023-11-30T10:15:03.493310587Z,3.69,sps30_mc_4p0,monitor_task,ESP32-5,urbino,Turing
,,8,2023-11-30T03:00:00Z,2023-11-30T14:00:00Z,2023-11-30T10:20:31.738946165Z,3.43,sps30_mc_4p0,monitor_task,ESP32-5,urbino,Turing
,,8,2023-11-30T03:00:00Z,2023-11-30T14:00:00Z,2023-11-30T10:26:00.062833275Z,3.54,sps30_mc_4p0,monitor_task,ESP32-5,urbino,Turing
,,8,2023-11-30T03:00:00Z,2023-11-30T14:00:00Z,2023-11-30T10:31:28.554614549Z,3.16,sps30_mc_4p0,monitor_task,ESP32-5,urbino,Turing
,,8,2023-11-30T03:00:00Z,2023-11-30T14:00:00Z,2023-11-30T10:36:56.865835275Z,3.28,sps30_mc_4p0,monitor_task,ESP32-5,urbino,Turing
,,8,2023-11-30T03:00:00Z,2023-11-30T14:00:00Z,2023-11-30T10:42:25.187627499Z,2.71,sps30_mc_4p0,monitor_task,ESP32-5,urbino,Turing
,,8,2023-11-30T03:00:00Z,2023-11-30T14:00:00Z,2023-11-30T10:47:53.672584059Z,2.56,sps30_mc_4p0,monitor_task,ESP32-5,urbino,Turing
,,8,2023-11-30T03:00:00Z,2023-11-30T14:00:00Z,2023-11-30T10:53:24.1553155Z,3.75,sps30_mc_4p0,monitor_task,ESP32-5,urbino,Turing
,,8,2023-11-30T03:00:00Z,2023-11-30T14:00:00Z,2023-11-30T10:58:53.119661904Z,3.24,sps30_mc_4p0,monitor_task,ESP32-5,urbino,Turing
,,8,2023-11-30T03:00:00Z,2023-11-30T14:00:00Z,2023-11-30T11:04:21.840063113Z,3.45,sps30_mc_4p0,monitor_task,ESP32-5,urbino,Turing
,,8,2023-11-30T03:00:00Z,2023-11-30T14:00:00Z,2023-11-30T11:09:50.483357115Z,3.03,sps30_mc_4p0,monitor_task,ESP32-5,urbino,Turing
,,8,2023-11-30T03:00:00Z,2023-11-30T14:00:00Z,2023-11-30T11:15:18.653697901Z,3.67,sps30_mc_4p0,monitor_task,ESP32-5,urbino,Turing
,,8,2023-11-30T03:00:00Z,2023-11-30T14:00:00Z,2023-11-30T11:20:46.884909402Z,3.12,sps30_mc_4p0,monitor_task,ESP32-5,urbino,Turing
,,8,2023-11-30T03:00:00Z,2023-11-30T14:00:00Z,2023-11-30T11:26:15.343269695Z,3.67,sps30_mc_4p0,monitor_task,ESP32-5,urbino,Turing
,,8,2023-11-30T03:00:00Z,2023-11-30T14:00:00Z,2023-11-30T11:31:44.070605143Z,3.32,sps30_mc_4p0,monitor_task,ESP32-5,urbino,Turing
,,8,2023-11-30T03:00:00Z,2023-11-30T14:00:00Z,2023-11-30T11:37:12.705070969Z,3.03,sps30_mc_4p0,monitor_task,ESP32-5,urbino,Turing
,,8,2023-11-30T03:00:00Z,2023-11-30T14:00:00Z,2023-11-30T11:42:41.344847074Z,2.95,sps30_mc_4p0,monitor_task,ESP32-5,urbino,Turing
,,8,2023-11-30T03:00:00Z,2023-11-30T14:00:00Z,2023-11-30T11:48:09.986140365Z,3.31,sps30_mc_4p0,monitor_task,ESP32-5,urbino,Turing
,,8,2023-11-30T03:00:00Z,2023-11-30T14:00:00Z,2023-11-30T11:53:38.540866942Z,3.23,sps30_mc_4p0,monitor_task,ESP32-5,urbino,Turing
,,8,2023-11-30T03:00:00Z,2023-11-30T14:00:00Z,2023-11-30T11:59:06.627124759Z,3.68,sps30_mc_4p0,monitor_task,ESP32-5,urbino,Turing
,,8,2023-11-30T03:00:00Z,2023-11-30T14:00:00Z,2023-11-30T12:04:35.515249365Z,3.31,sps30_mc_4p0,monitor_task,ESP32-5,urbino,Turing
,,8,2023-11-30T03:00:00Z,2023-11-30T14:00:00Z,2023-11-30T12:10:04.161330944Z,2.42,sps30_mc_4p0,monitor_task,ESP32-5,urbino,Turing
,,8,2023-11-30T03:00:00Z,2023-11-30T14:00:00Z,2023-11-30T12:15:32.645120222Z,2.56,sps30_mc_4p0,monitor_task,ESP32-5,urbino,Turing
,,8,2023-11-30T03:00:00Z,2023-11-30T14:00:00Z,2023-11-30T12:21:01.208254768Z,3.22,sps30_mc_4p0,monitor_task,ESP32-5,urbino,Turing
,,8,2023-11-30T03:00:00Z,2023-11-30T14:00:00Z,2023-11-30T12:26:29.930500335Z,2.9,sps30_mc_4p0,monitor_task,ESP32-5,urbino,Turing
,,8,2023-11-30T03:00:00Z,2023-11-30T14:00:00Z,2023-11-30T12:31:58.408887319Z,2.79,sps30_mc_4p0,monitor_task,ESP32-5,urbino,Turing
,,8,2023-11-30T03:00:00Z,2023-11-30T14:00:00Z,2023-11-30T12:37:26.954846301Z,2.27,sps30_mc_4p0,monitor_task,ESP32-5,urbino,Turing
,,8,2023-11-30T03:00:00Z,2023-11-30T14:00:00Z,2023-11-30T12:42:55.66533879Z,2.78,sps30_mc_4p0,monitor_task,ESP32-5,urbino,Turing
,,8,2023-11-30T03:00:00Z,2023-11-30T14:00:00Z,2023-11-30T12:48:24.379514105Z,2.65,sps30_mc_4p0,monitor_task,ESP32-5,urbino,Turing
,,8,2023-11-30T03:00:00Z,2023-11-30T14:00:00Z,2023-11-30T12:53:53.29571253Z,2.41,sps30_mc_4p0,monitor_task,ESP32-5,urbino,Turing
,,8,2023-11-30T03:00:00Z,2023-11-30T14:00:00Z,2023-11-30T12:59:21.940008541Z,2.73,sps30_mc_4p0,monitor_task,ESP32-5,urbino,Turing
,,8,2023-11-30T03:00:00Z,2023-11-30T14:00:00Z,2023-11-30T13:04:46.890726641Z,2.72,sps30_mc_4p0,monitor_task,ESP32-5,urbino,Turing
,,8,2023-11-30T03:00:00Z,2023-11-30T14:00:00Z,2023-11-30T13:10:11.218250584Z,2.43,sps30_mc_4p0,monitor_task,ESP32-5,urbino,Turing
,,8,2023-11-30T03:00:00Z,2023-11-30T14:00:00Z,2023-11-30T13:15:35.643369758Z,3.33,sps30_mc_4p0,monitor_task,ESP32-5,urbino,Turing
,,8,2023-11-30T03:00:00Z,2023-11-30T14:00:00Z,2023-11-30T13:21:00.296882404Z,2.65,sps30_mc_4p0,monitor_task,ESP32-5,urbino,Turing
,,8,2023-11-30T03:00:00Z,2023-11-30T14:00:00Z,2023-11-30T13:26:25.097756836Z,2.77,sps30_mc_4p0,monitor_task,ESP32-5,urbino,Turing
,,8,2023-11-30T03:00:00Z,2023-11-30T14:00:00Z,2023-11-30T13:31:50.462133839Z,3.11,sps30_mc_4p0,monitor_task,ESP32-5,urbino,Turing
,,8,2023-11-30T03:00:00Z,2023-11-30T14:00:00Z,2023-11-30T13:37:15.338649237Z,2.96,sps30_mc_4p0,monitor_task,ESP32-5,urbino,Turing
,,8,2023-11-30T03:00:00Z,2023-11-30T14:00:00Z,2023-11-30T13:42:40.13243535Z,2.91,sps30_mc_4p0,monitor_task,ESP32-5,urbino,Turing
,,8,2023-11-30T03:00:00Z,2023-11-30T14:00:00Z,2023-11-30T13:48:04.845496909Z,3.12,sps30_mc_4p0,monitor_task,ESP32-5,urbino,Turing
,,8,2023-11-30T03:00:00Z,2023-11-30T14:00:00Z,2023-11-30T13:53:29.726862233Z,2.97,sps30_mc_4p0,monitor_task,ESP32-5,urbino,Turing
,,8,2023-11-30T03:00:00Z,2023-11-30T14:00:00Z,2023-11-30T13:58:54.678702818Z,2.85,sps30_mc_4p0,monitor_task,ESP32-5,urbino,Turing
,,9,2023-11-30T03:00:00Z,2023-11-30T14:00:00Z,2023-11-30T03:01:06.135548043Z,0.51,sps30_particle_size,monitor_task,ESP32-5,urbino,Turing
,,9,2023-11-30T03:00:00Z,2023-11-30T14:00:00Z,2023-11-30T03:06:30.652046627Z,0.53,sps30_particle_size,monitor_task,ESP32-5,urbino,Turing
,,9,2023-11-30T03:00:00Z,2023-11-30T14:00:00Z,2023-11-30T03:11:55.456254708Z,0.52,sps30_particle_size,monitor_task,ESP32-5,urbino,Turing
,,9,2023-11-30T03:00:00Z,2023-11-30T14:00:00Z,2023-11-30T03:17:20.332066316Z,0.54,sps30_particle_size,monitor_task,ESP32-5,urbino,Turing
,,9,2023-11-30T03:00:00Z,2023-11-30T14:00:00Z,2023-11-30T03:22:45.131728251Z,0.51,sps30_particle_size,monitor_task,ESP32-5,urbino,Turing
,,9,2023-11-30T03:00:00Z,2023-11-30T14:00:00Z,2023-11-30T03:28:09.704134588Z,0.53,sps30_particle_size,monitor_task,ESP32-5,urbino,Turing
,,9,2023-11-30T03:00:00Z,2023-11-30T14:00:00Z,2023-11-30T03:33:34.122827382Z,0.51,sps30_particle_size,monitor_task,ESP32-5,urbino,Turing
,,9,2023-11-30T03:00:00Z,2023-11-30T14:00:00Z,2023-11-30T03:38:58.523912754Z,0.52,sps30_particle_size,monitor_task,ESP32-5,urbino,Turing
,,9,2023-11-30T03:00:00Z,2023-11-30T14:00:00Z,2023-11-30T03:44:23.372116994Z,0.5,sps30_particle_size,monitor_task,ESP32-5,urbino,Turing
,,9,2023-11-30T03:00:00Z,2023-11-30T14:00:00Z,2023-11-30T03:49:47.582182302Z,0.49,sps30_particle_size,monitor_task,ESP32-5,urbino,Turing
,,9,2023-11-30T03:00:00Z,2023-11-30T14:00:00Z,2023-11-30T03:55:12.455639491Z,0.51,sps30_particle_size,monitor_task,ESP32-5,urbino,Turing
,,9,2023-11-30T03:00:00Z,2023-11-30T14:00:00Z,2023-11-30T04:00:37.605877073Z,0.51,sps30_particle_size,monitor_task,ESP32-5,urbino,Turing
,,9,2023-11-30T03:00:00Z,2023-11-30T14:00:00Z,2023-11-30T04:06:02.066503189Z,0.53,sps30_particle_size,monitor_task,ESP32-5,urbino,Turing
,,9,2023-11-30T03:00:00Z,2023-11-30T14:00:00Z,2023-11-30T04:11:26.854556404Z,0.5,sps30_particle_size,monitor_task,ESP32-5,urbino,Turing
,,9,2023-11-30T03:00:00Z,2023-11-30T14:00:00Z,2023-11-30T04:16:51.423614875Z,0.49,sps30_particle_size,monitor_task,ESP32-5,urbino,Turing
,,9,2023-11-30T03:00:00Z,2023-11-30T14:00:00Z,2023-11-30T04:22:16.363928716Z,0.49,sps30_particle_size,monitor_task,ESP32-5,urbino,Turing
,,9,2023-11-30T03:00:00Z,2023-11-30T14:00:00Z,2023-11-30T04:27:41.15404958Z,0.52,sps30_particle_size,monitor_task,ESP32-5,urbino,Turing
,,9,2023-11-30T03:00:00Z,2023-11-30T14:00:00Z,2023-11-30T04:33:05.791931014Z,0.51,sps30_particle_size,monitor_task,ESP32-5,urbino,Turing
,,9,2023-11-30T03:00:00Z,2023-11-30T14:00:00Z,2023-11-30T04:38:30.463601873Z,0.54,sps30_particle_size,monitor_task,ESP32-5,urbino,Turing
,,9,2023-11-30T03:00:00Z,2023-11-30T14:00:00Z,2023-11-30T04:43:54.900124906Z,0.52,sps30_particle_size,monitor_task,ESP32-5,urbino,Turing
,,9,2023-11-30T03:00:00Z,2023-11-30T14:00:00Z,2023-11-30T04:49:20.016166535Z,0.51,sps30_particle_size,monitor_task,ESP32-5,urbino,Turing
,,9,2023-11-30T03:00:00Z,2023-11-30T14:00:00Z,2023-11-30T04:54:44.923386973Z,0.52,sps30_particle_size,monitor_task,ESP32-5,urbino,Turing
,,9,2023-11-30T03:00:00Z,2023-11-30T14:00:00Z,2023-11-30T05:00:09.530220487Z,0.53,sps30_particle_size,monitor_task,ESP32-5,urbino,Turing
,,9,2023-11-30T03:00:00Z,2023-11-30T14:00:00Z,2023-11-30T05:05:34.170020645Z,0.49,sps30_particle_size,monitor_task,ESP32-5,urbino,Turing
,,9,2023-11-30T03:00:00Z,2023-11-30T14:00:00Z,2023-11-30T05:10:58.958747944Z,0.55,sps30_particle_size,monitor_task,ESP32-5,urbino,Turing
,,9,2023-11-30T03:00:00Z,2023-11-30T14:00:00Z,2023-11-30T05:16:23.59462444Z,0.53,sps30_particle_size,monitor_task,ESP32-5,urbino,Turing
,,9,2023-11-30T03:00:00Z,2023-11-30T14:00:00Z,2023-11-30T05:21:47.990162537Z,0.55,sps30_particle_size,monitor_task,ESP32-5,urbino,Turing
,,9,2023-11-30T03:00:00Z,2023-11-30T14:00:00Z,2023-11-30T05:27:12.550971063Z,0.5,sps30_particle_size,monitor_task,ESP32-5,urbino,Turing
,,9,2023-11-30T03:00:00Z,2023-11-30T14:00:00Z,2023-11-30T05:32:37.442999339Z,0.52,sps30_particle_size,monitor_task,ESP32-5,urbino,Turing
,,9,2023-11-30T03:00:00Z,2023-11-30T14:00:00Z,2023-11-30T05:38:02.266088836Z,0.51,sps30_particle_size,monitor_task,ESP32-5,urbino,Turing
,,9,2023-11-30T03:00:00Z,2023-11-30T14:00:00Z,2023-11-30T05:43:26.829598767Z,0.49,sps30_particle_size,monitor_task,ESP32-5,urbino,Turing
,,9,2023-11-30T03:00:00Z,2023-11-30T14:00:00Z,2023-11-30T05:48:51.497142865Z,0.54,sps30_particle_size,monitor_task,ESP32-5,urbino,Turing
,,9,2023-11-30T03:00:00Z,2023-11-30T14:00:00Z,2023-11-30T05:54:15.945518642Z,0.55,sps30_particle_size,monitor_task,ESP32-5,urbino,Turing
,,9,2023-11-30T03:00:00Z,2023-11-30T14:00:00Z,2023-11-30T05:59:40.749865764Z,0.51,sps30_particle_size,monitor_task,ESP32-5,urbino,Turing
,,9,2023-11-30T03:00:00Z,2023-11-30T14:00:00Z,2023-11-30T06:05:04.837279132Z,0.51,sps30_particle_size,monitor_task,ESP32-5,urbino,Turing
,,9,2023-11-30T03:00:00Z,2023-11-30T14:00:00Z,2023-11-30T06:10:29.165778373Z,0.48,sps30_particle_size,monitor_task,ESP32-5,urbino,Turing
,,9,2023-11-30T03:00:00Z,2023-11-30T14:00:00Z,2023-11-30T06:15:53.572432378Z,0.5,sps30_particle_size,monitor_task,ESP32-5,urbino,Turing
,,9,2023-11-30T03:00:00Z,2023-11-30T14:00:00Z,2023-11-30T06:21:17.949779926Z,0.5,sps30_particle_size,monitor_task,ESP32-5,urbino,Turing
,,9,2023-11-30T03:00:00Z,2023-11-30T14:00:00Z,2023-11-30T06:26:42.455008999Z,0.52,sps30_particle_size,monitor_task,ESP32-5,urbino,Turing
,,9,2023-11-30T03:00:00Z,2023-11-30T14:00:00Z,2023-11-30T06:32:07.058117148Z,0.52,sps30_particle_size,monitor_task,ESP32-5,urbino,Turing
,,9,2023-11-30T03:00:00Z,2023-11-30T14:00:00Z,2023-11-30T06:37:31.659353431Z,0.52,sps30_particle_size,monitor_task,ESP32-5,urbino,Turing
,,9,2023-11-30T03:00:00Z,2023-11-30T14:00:00Z,2023-11-30T06:42:56.26067634Z,0.49,sps30_particle_size,monitor_task,ESP32-5,urbino,Turing
,,9,2023-11-30T03:00:00Z,2023-11-30T14:00:00Z,2023-11-30T06:48:20.825832183Z,0.5,sps30_particle_size,monitor_task,ESP32-5,urbino,Turing
,,9,2023-11-30T03:00:00Z,2023-11-30T14:00:00Z,2023-11-30T06:53:45.608174453Z,0.48,sps30_particle_size,monitor_task,ESP32-5,urbino,Turing
,,9,2023-11-30T03:00:00Z,2023-11-30T14:00:00Z,2023-11-30T06:59:10.020720901Z,0.49,sps30_particle_size,monitor_task,ESP32-5,urbino,Turing
,,9,2023-11-30T03:00:00Z,2023-11-30T14:00:00Z,2023-11-30T07:04:35.102779944Z,0.49,sps30_particle_size,monitor_task,ESP32-5,urbino,Turing
,,9,2023-11-30T03:00:00Z,2023-11-30T14:00:00Z,2023-11-30T07:09:59.578705766Z,0.49,sps30_particle_size,monitor_task,ESP32-5,urbino,Turing
,,9,2023-11-30T03:00:00Z,2023-11-30T14:00:00Z,2023-11-30T07:15:24.056734945Z,0.49,sps30_particle_size,monitor_task,ESP32-5,urbino,Turing
,,9,2023-11-30T03:00:00Z,2023-11-30T14:00:00Z,2023-11-30T07:20:48.462239954Z,0.52,sps30_particle_size,monitor_task,ESP32-5,urbino,Turing
,,9,2023-11-30T03:00:00Z,2023-11-30T14:00:00Z,2023-11-30T07:26:12.954522068Z,0.49,sps30_particle_size,monitor_task,ESP32-5,urbino,Turing
,,9,2023-11-30T03:00:00Z,2023-11-30T14:00:00Z,2023-11-30T07:31:37.526781402Z,0.49,sps30_particle_size,monitor_task,ESP32-5,urbino,Turing
,,9,2023-11-30T03:00:00Z,2023-11-30T14:00:00Z,2023-11-30T07:37:01.92794101Z,0.49,sps30_particle_size,monitor_task,ESP32-5,urbino,Turing
,,9,2023-11-30T03:00:00Z,2023-11-30T14:00:00Z,2023-11-30T07:42:26.254142088Z,0.48,sps30_particle_size,monitor_task,ESP32-5,urbino,Turing
,,9,2023-11-30T03:00:00Z,2023-11-30T14:00:00Z,2023-11-30T07:47:50.658584671Z,0.47,sps30_particle_size,monitor_task,ESP32-5,urbino,Turing
,,9,2023-11-30T03:00:00Z,2023-11-30T14:00:00Z,2023-11-30T07:53:15.145057492Z,0.5,sps30_particle_size,monitor_task,ESP32-5,urbino,Turing
,,9,2023-11-30T03:00:00Z,2023-11-30T14:00:00Z,2023-11-30T07:58:39.574282609Z,0.5,sps30_particle_size,monitor_task,ESP32-5,urbino,Turing
,,9,2023-11-30T03:00:00Z,2023-11-30T14:00:00Z,2023-11-30T08:04:04.337181298Z,0.47,sps30_particle_size,monitor_task,ESP32-5,urbino,Turing
,,9,2023-11-30T03:00:00Z,2023-11-30T14:00:00Z,2023-11-30T08:09:29.05429118Z,0.49,sps30_particle_size,monitor_task,ESP32-5,urbino,Turing
,,9,2023-11-30T03:00:00Z,2023-11-30T14:00:00Z,2023-11-30T08:14:53.61224968Z,0.51,sps30_particle_size,monitor_task,ESP32-5,urbino,Turing
,,9,2023-11-30T03:00:00Z,2023-11-30T14:00:00Z,2023-11-30T08:20:18.731806295Z,0.52,sps30_particle_size,monitor_task,ESP32-5,urbino,Turing
,,9,2023-11-30T03:00:00Z,2023-11-30T14:00:00Z,2023-11-30T08:25:43.131816651Z,0.55,sps30_particle_size,monitor_task,ESP32-5,urbino,Turing
,,9,2023-11-30T03:00:00Z,2023-11-30T14:00:00Z,2023-11-30T08:31:07.852349267Z,0.55,sps30_particle_size,monitor_task,ESP32-5,urbino,Turing
,,9,2023-11-30T03:00:00Z,2023-11-30T14:00:00Z,2023-11-30T08:36:33.204656499Z,0.53,sps30_particle_size,monitor_task,ESP32-5,urbino,Turing
,,9,2023-11-30T03:00:00Z,2023-11-30T14:00:00Z,2023-11-30T08:41:57.917816543Z,0.53,sps30_particle_size,monitor_task,ESP32-5,urbino,Turing
,,9,2023-11-30T03:00:00Z,2023-11-30T14:00:00Z,2023-11-30T08:47:26.07349553Z,0.54,sps30_particle_size,monitor_task,ESP32-5,urbino,Turing
,,9,2023-11-30T03:00:00Z,2023-11-30T14:00:00Z,2023-11-30T08:52:54.632969786Z,0.54,sps30_particle_size,monitor_task,ESP32-5,urbino,Turing
,,9,2023-11-30T03:00:00Z,2023-11-30T14:00:00Z,2023-11-30T08:58:23.190852863Z,0.56,sps30_particle_size,monitor_task,ESP32-5,urbino,Turing
,,9,2023-11-30T03:00:00Z,2023-11-30T14:00:00Z,2023-11-30T09:03:52.640177762Z,0.56,sps30_particle_size,monitor_task,ESP32-5,urbino,Turing
,,9,2023-11-30T03:00:00Z,2023-11-30T14:00:00Z,2023-11-30T09:09:21.907948845Z,0.58,sps30_particle_size,monitor_task,ESP32-5,urbino,Turing
,,9,2023-11-30T03:00:00Z,2023-11-30T14:00:00Z,2023-11-30T09:14:50.377199999Z,0.59,sps30_particle_size,monitor_task,ESP32-5,urbino,Turing
,,9,2023-11-30T03:00:00Z,2023-11-30T14:00:00Z,2023-11-30T09:20:18.933953044Z,0.59,sps30_particle_size,monitor_task,ESP32-5,urbino,Turing
,,9,2023-11-30T03:00:00Z,2023-11-30T14:00:00Z,2023-11-30T09:25:47.570706019Z,0.58,sps30_particle_size,monitor_task,ESP32-5,urbino,Turing
,,9,2023-11-30T03:00:00Z,2023-11-30T14:00:00Z,2023-11-30T09:31:15.966230686Z,0.6,sps30_particle_size,monitor_task,ESP32-5,urbino,Turing
,,9,2023-11-30T03:00:00Z,2023-11-30T14:00:00Z,2023-11-30T09:36:44.443847419Z,0.6,sps30_particle_size,monitor_task,ESP32-5,urbino,Turing
,,9,2023-11-30T03:00:00Z,2023-11-30T14:00:00Z,2023-11-30T09:42:12.768039005Z,0.61,sps30_particle_size,monitor_task,ESP32-5,urbino,Turing
,,9,2023-11-30T03:00:00Z,2023-11-30T14:00:00Z,2023-11-30T09:47:41.250183742Z,0.59,sps30_particle_size,monitor_task,ESP32-5,urbino,Turing
,,9,2023-11-30T03:00:00Z,2023-11-30T14:00:00Z,2023-11-30T09:53:09.574382735Z,0.65,sps30_particle_size,monitor_task,ESP32-5,urbino,Turing
,,9,2023-11-30T03:00:00Z,2023-11-30T14:00:00Z,2023-11-30T09:58:37.89442585Z,0.69,sps30_particle_size,monitor_task,ESP32-5,urbino,Turing
,,9,2023-11-30T03:00:00Z,2023-11-30T14:00:00Z,2023-11-30T10:04:06.632736194Z,0.69,sps30_particle_size,monitor_task,ESP32-5,urbino,Turing
,,9,2023-11-30T03:00:00Z,2023-11-30T14:00:00Z,2023-11-30T10:09:34.933131741Z,0.62,sps30_particle_size,monitor_task,ESP32-5,urbino,Turing
,,9,2023-11-30T03:00:00Z,2023-11-30T14:00:00Z,2023-11-30T10:15:03.493310587Z,0.7,sps30_particle_size,monitor_task,ESP32-5,urbino,Turing
,,9,2023-11-30T03:00:00Z,2023-11-30T14:00:00Z,2023-11-30T10:20:31.738946165Z,0.72,sps30_particle_size,monitor_task,ESP32-5,urbino,Turing
,,9,2023-11-30T03:00:00Z,2023-11-30T14:00:00Z,2023-11-30T10:26:00.062833275Z,0.65,sps30_particle_size,monitor_task,ESP32-5,urbino,Turing
,,9,2023-11-30T03:00:00Z,2023-11-30T14:00:00Z,2023-11-30T10:31:28.554614549Z,0.65,sps30_particle_size,monitor_task,ESP32-5,urbino,Turing
,,9,2023-11-30T03:00:00Z,2023-11-30T14:00:00Z,2023-11-30T10:36:56.865835275Z,0.63,sps30_particle_size,monitor_task,ESP32-5,urbino,Turing
,,9,2023-11-30T03:00:00Z,2023-11-30T14:00:00Z,2023-11-30T10:42:25.187627499Z,0.69,sps30_particle_size,monitor_task,ESP32-5,urbino,Turing
,,9,2023-11-30T03:00:00Z,2023-11-30T14:00:00Z,2023-11-30T10:47:53.672584059Z,0.68,sps30_particle_size,monitor_task,ESP32-5,urbino,Turing
,,9,2023-11-30T03:00:00Z,2023-11-30T14:00:00Z,2023-11-30T10:53:24.1553155Z,0.66,sps30_particle_size,monitor_task,ESP32-5,urbino,Turing
,,9,2023-11-30T03:00:00Z,2023-11-30T14:00:00Z,2023-11-30T10:58:53.119661904Z,0.65,sps30_particle_size,monitor_task,ESP32-5,urbino,Turing
,,9,2023-11-30T03:00:00Z,2023-11-30T14:00:00Z,2023-11-30T11:04:21.840063113Z,0.62,sps30_particle_size,monitor_task,ESP32-5,urbino,Turing
,,9,2023-11-30T03:00:00Z,2023-11-30T14:00:00Z,2023-11-30T11:09:50.483357115Z,0.65,sps30_particle_size,monitor_task,ESP32-5,urbino,Turing
,,9,2023-11-30T03:00:00Z,2023-11-30T14:00:00Z,2023-11-30T11:15:18.653697901Z,0.65,sps30_particle_size,monitor_task,ESP32-5,urbino,Turing
,,9,2023-11-30T03:00:00Z,2023-11-30T14:00:00Z,2023-11-30T11:20:46.884909402Z,0.66,sps30_particle_size,monitor_task,ESP32-5,urbino,Turing
,,9,2023-11-30T03:00:00Z,2023-11-30T14:00:00Z,2023-11-30T11:26:15.343269695Z,0.66,sps30_particle_size,monitor_task,ESP32-5,urbino,Turing
,,9,2023-11-30T03:00:00Z,2023-11-30T14:00:00Z,2023-11-30T11:31:44.070605143Z,0.65,sps30_particle_size,monitor_task,ESP32-5,urbino,Turing
,,9,2023-11-30T03:00:00Z,2023-11-30T14:00:00Z,2023-11-30T11:37:12.705070969Z,0.66,sps30_particle_size,monitor_task,ESP32-5,urbino,Turing
,,9,2023-11-30T03:00:00Z,2023-11-30T14:00:00Z,2023-11-30T11:42:41.344847074Z,0.67,sps30_particle_size,monitor_task,ESP32-5,urbino,Turing
,,9,2023-11-30T03:00:00Z,2023-11-30T14:00:00Z,2023-11-30T11:48:09.986140365Z,0.69,sps30_particle_size,monitor_task,ESP32-5,urbino,Turing
,,9,2023-11-30T03:00:00Z,2023-11-30T14:00:00Z,2023-11-30T11:53:38.540866942Z,0.66,sps30_particle_size,monitor_task,ESP32-5,urbino,Turing
,,9,2023-11-30T03:00:00Z,2023-11-30T14:00:00Z,2023-11-30T11:59:06.627124759Z,0.67,sps30_particle_size,monitor_task,ESP32-5,urbino,Turing
,,9,2023-11-30T03:00:00Z,2023-11-30T14:00:00Z,2023-11-30T12:04:35.515249365Z,0.62,sps30_particle_size,monitor_task,ESP32-5,urbino,Turing
,,9,2023-11-30T03:00:00Z,2023-11-30T14:00:00Z,2023-11-30T12:10:04.161330944Z,0.61,sps30_particle_size,monitor_task,ESP32-5,urbino,Turing
,,9,2023-11-30T03:00:00Z,2023-11-30T14:00:00Z,2023-11-30T12:15:32.645120222Z,0.6,sps30_particle_size,monitor_task,ESP32-5,urbino,Turing
,,9,2023-11-30T03:00:00Z,2023-11-30T14:00:00Z,2023-11-30T12:21:01.208254768Z,0.62,sps30_particle_size,monitor_task,ESP32-5,urbino,Turing
,,9,2023-11-30T03:00:00Z,2023-11-30T14:00:00Z,2023-11-30T12:26:29.930500335Z,0.6,sps30_particle_size,monitor_task,ESP32-5,urbino,Turing
,,9,2023-11-30T03:00:00Z,2023-11-30T14:00:00Z,2023-11-30T12:31:58.408887319Z,0.59,sps30_particle_size,monitor_task,ESP32-5,urbino,Turing
,,9,2023-11-30T03:00:00Z,2023-11-30T14:00:00Z,2023-11-30T12:37:26.954846301Z,0.54,sps30_particle_size,monitor_task,ESP32-5,urbino,Turing
,,9,2023-11-30T03:00:00Z,2023-11-30T14:00:00Z,2023-11-30T12:42:55.66533879Z,0.56,sps30_particle_size,monitor_task,ESP32-5,urbino,Turing
,,9,2023-11-30T03:00:00Z,2023-11-30T14:00:00Z,2023-11-30T12:48:24.379514105Z,0.58,sps30_particle_size,monitor_task,ESP32-5,urbino,Turing
,,9,2023-11-30T03:00:00Z,2023-11-30T14:00:00Z,2023-11-30T12:53:53.29571253Z,0.59,sps30_particle_size,monitor_task,ESP32-5,urbino,Turing
,,9,2023-11-30T03:00:00Z,2023-11-30T14:00:00Z,2023-11-30T12:59:21.940008541Z,0.54,sps30_particle_size,monitor_task,ESP32-5,urbino,Turing
,,9,2023-11-30T03:00:00Z,2023-11-30T14:00:00Z,2023-11-30T13:04:46.890726641Z,0.5,sps30_particle_size,monitor_task,ESP32-5,urbino,Turing
,,9,2023-11-30T03:00:00Z,2023-11-30T14:00:00Z,2023-11-30T13:10:11.218250584Z,0.53,sps30_particle_size,monitor_task,ESP32-5,urbino,Turing
,,9,2023-11-30T03:00:00Z,2023-11-30T14:00:00Z,2023-11-30T13:15:35.643369758Z,0.49,sps30_particle_size,monitor_task,ESP32-5,urbino,Turing
,,9,2023-11-30T03:00:00Z,2023-11-30T14:00:00Z,2023-11-30T13:21:00.296882404Z,0.5,sps30_particle_size,monitor_task,ESP32-5,urbino,Turing
,,9,2023-11-30T03:00:00Z,2023-11-30T14:00:00Z,2023-11-30T13:26:25.097756836Z,0.5,sps30_particle_size,monitor_task,ESP32-5,urbino,Turing
,,9,2023-11-30T03:00:00Z,2023-11-30T14:00:00Z,2023-11-30T13:31:50.462133839Z,0.52,sps30_particle_size,monitor_task,ESP32-5,urbino,Turing
,,9,2023-11-30T03:00:00Z,2023-11-30T14:00:00Z,2023-11-30T13:37:15.338649237Z,0.53,sps30_particle_size,monitor_task,ESP32-5,urbino,Turing
,,9,2023-11-30T03:00:00Z,2023-11-30T14:00:00Z,2023-11-30T13:42:40.13243535Z,0.46,sps30_particle_size,monitor_task,ESP32-5,urbino,Turing
,,9,2023-11-30T03:00:00Z,2023-11-30T14:00:00Z,2023-11-30T13:48:04.845496909Z,0.49,sps30_particle_size,monitor_task,ESP32-5,urbino,Turing
,,9,2023-11-30T03:00:00Z,2023-11-30T14:00:00Z,2023-11-30T13:53:29.726862233Z,0.52,sps30_particle_size,monitor_task,ESP32-5,urbino,Turing
,,9,2023-11-30T03:00:00Z,2023-11-30T14:00:00Z,2023-11-30T13:58:54.678702818Z,0.51,sps30_particle_size,monitor_task,ESP32-5,urbino,Turing
,,10,2023-11-30T03:00:00Z,2023-11-30T14:00:00Z,2023-11-30T03:01:06.135548043Z,21.1,temperature,monitor_task,ESP32-5,urbino,Turing
,,10,2023-11-30T03:00:00Z,2023-11-30T14:00:00Z,2023-11-30T03:06:30.652046627Z,21.1,temperature,monitor_task,ESP32-5,urbino,Turing
,,10,2023-11-30T03:00:00Z,2023-11-30T14:00:00Z,2023-11-30T03:11:55.456254708Z,21.1,temperature,monitor_task,ESP32-5,urbino,Turing
,,10,2023-11-30T03:00:00Z,2023-11-30T14:00:00Z,2023-11-30T03:17:20.332066316Z,21.1,temperature,monitor_task,ESP32-5,urbino,Turing
,,10,2023-11-30T03:00:00Z,2023-11-30T14:00:00Z,2023-11-30T03:22:45.131728251Z,21.1,temperature,monitor_task,ESP32-5,urbino,Turing
,,10,2023-11-30T03:00:00Z,2023-11-30T14:00:00Z,2023-11-30T03:28:09.704134588Z,21.1,temperature,monitor_task,ESP32-5,urbino,Turing
,,10,2023-11-30T03:00:00Z,2023-11-30T14:00:00Z,2023-11-30T03:33:34.122827382Z,21,temperature,monitor_task,ESP32-5,urbino,Turing
,,10,2023-11-30T03:00:00Z,2023-11-30T14:00:00Z,2023-11-30T03:38:58.523912754Z,21,temperature,monitor_task,ESP32-5,urbino,Turing
,,10,2023-11-30T03:00:00Z,2023-11-30T14:00:00Z,2023-11-30T03:44:23.372116994Z,21.1,temperature,monitor_task,ESP32-5,urbino,Turing
,,10,2023-11-30T03:00:00Z,2023-11-30T14:00:00Z,2023-11-30T03:49:47.582182302Z,21,temperature,monitor_task,ESP32-5,urbino,Turing
,,10,2023-11-30T03:00:00Z,2023-11-30T14:00:00Z,2023-11-30T03:55:12.455639491Z,21,temperature,monitor_task,ESP32-5,urbino,Turing
,,10,2023-11-30T03:00:00Z,2023-11-30T14:00:00Z,2023-11-30T04:00:37.605877073Z,21,temperature,monitor_task,ESP32-5,urbino,Turing
,,10,2023-11-30T03:00:00Z,2023-11-30T14:00:00Z,2023-11-30T04:06:02.066503189Z,21,temperature,monitor_task,ESP32-5,urbino,Turing
,,10,2023-11-30T03:00:00Z,2023-11-30T14:00:00Z,2023-11-30T04:11:26.854556404Z,21,temperature,monitor_task,ESP32-5,urbino,Turing
,,10,2023-11-30T03:00:00Z,2023-11-30T14:00:00Z,2023-11-30T04:16:51.423614875Z,21,temperature,monitor_task,ESP32-5,urbino,Turing
,,10,2023-11-30T03:00:00Z,2023-11-30T14:00:00Z,2023-11-30T04:22:16.363928716Z,21,temperature,monitor_task,ESP32-5,urbino,Turing
,,10,2023-11-30T03:00:00Z,2023-11-30T14:00:00Z,2023-11-30T04:27:41.15404958Z,21,temperature,monitor_task,ESP32-5,urbino,Turing
,,10,2023-11-30T03:00:00Z,2023-11-30T14:00:00Z,2023-11-30T04:33:05.791931014Z,21,temperature,monitor_task,ESP32-5,urbino,Turing
,,10,2023-11-30T03:00:00Z,2023-11-30T14:00:00Z,2023-11-30T04:38:30.463601873Z,21,temperature,monitor_task,ESP32-5,urbino,Turing
,,10,2023-11-30T03:00:00Z,2023-11-30T14:00:00Z,2023-11-30T04:43:54.900124906Z,21,temperature,monitor_task,ESP32-5,urbino,Turing
,,10,2023-11-30T03:00:00Z,2023-11-30T14:00:00Z,2023-11-30T04:49:20.016166535Z,20.9,temperature,monitor_task,ESP32-5,urbino,Turing
,,10,2023-11-30T03:00:00Z,2023-11-30T14:00:00Z,2023-11-30T04:54:44.923386973Z,21,temperature,monitor_task,ESP32-5,urbino,Turing
,,10,2023-11-30T03:00:00Z,2023-11-30T14:00:00Z,2023-11-30T05:00:09.530220487Z,20.9,temperature,monitor_task,ESP32-5,urbino,Turing
,,10,2023-11-30T03:00:00Z,2023-11-30T14:00:00Z,2023-11-30T05:05:34.170020645Z,21,temperature,monitor_task,ESP32-5,urbino,Turing
,,10,2023-11-30T03:00:00Z,2023-11-30T14:00:00Z,2023-11-30T05:10:58.958747944Z,20.9,temperature,monitor_task,ESP32-5,urbino,Turing
,,10,2023-11-30T03:00:00Z,2023-11-30T14:00:00Z,2023-11-30T05:16:23.59462444Z,20.9,temperature,monitor_task,ESP32-5,urbino,Turing
,,10,2023-11-30T03:00:00Z,2023-11-30T14:00:00Z,2023-11-30T05:21:47.990162537Z,20.9,temperature,monitor_task,ESP32-5,urbino,Turing
,,10,2023-11-30T03:00:00Z,2023-11-30T14:00:00Z,2023-11-30T05:27:12.550971063Z,21,temperature,monitor_task,ESP32-5,urbino,Turing
,,10,2023-11-30T03:00:00Z,2023-11-30T14:00:00Z,2023-11-30T05:32:37.442999339Z,20.9,temperature,monitor_task,ESP32-5,urbino,Turing
,,10,2023-11-30T03:00:00Z,2023-11-30T14:00:00Z,2023-11-30T05:38:02.266088836Z,20.9,temperature,monitor_task,ESP32-5,urbino,Turing
,,10,2023-11-30T03:00:00Z,2023-11-30T14:00:00Z,2023-11-30T05:43:26.829598767Z,20.9,temperature,monitor_task,ESP32-5,urbino,Turing
,,10,2023-11-30T03:00:00Z,2023-11-30T14:00:00Z,2023-11-30T05:48:51.497142865Z,20.9,temperature,monitor_task,ESP32-5,urbino,Turing
,,10,2023-11-30T03:00:00Z,2023-11-30T14:00:00Z,2023-11-30T05:54:15.945518642Z,20.9,temperature,monitor_task,ESP32-5,urbino,Turing
,,10,2023-11-30T03:00:00Z,2023-11-30T14:00:00Z,2023-11-30T05:59:40.749865764Z,20.9,temperature,monitor_task,ESP32-5,urbino,Turing
,,10,2023-11-30T03:00:00Z,2023-11-30T14:00:00Z,2023-11-30T06:05:04.837279132Z,20.9,temperature,monitor_task,ESP32-5,urbino,Turing
,,10,2023-11-30T03:00:00Z,2023-11-30T14:00:00Z,2023-11-30T06:10:29.165778373Z,20.9,temperature,monitor_task,ESP32-5,urbino,Turing
,,10,2023-11-30T03:00:00Z,2023-11-30T14:00:00Z,2023-11-30T06:15:53.572432378Z,20.9,temperature,monitor_task,ESP32-5,urbino,Turing
,,10,2023-11-30T03:00:00Z,2023-11-30T14:00:00Z,2023-11-30T06:21:17.949779926Z,20.9,temperature,monitor_task,ESP32-5,urbino,Turing
,,10,2023-11-30T03:00:00Z,2023-11-30T14:00:00Z,2023-11-30T06:26:42.455008999Z,20.9,temperature,monitor_task,ESP32-5,urbino,Turing
,,10,2023-11-30T03:00:00Z,2023-11-30T14:00:00Z,2023-11-30T06:32:07.058117148Z,20.9,temperature,monitor_task,ESP32-5,urbino,Turing
,,10,2023-11-30T03:00:00Z,2023-11-30T14:00:00Z,2023-11-30T06:37:31.659353431Z,20.9,temperature,monitor_task,ESP32-5,urbino,Turing
,,10,2023-11-30T03:00:00Z,2023-11-30T14:00:00Z,2023-11-30T06:42:56.26067634Z,21.1,temperature,monitor_task,ESP32-5,urbino,Turing
,,10,2023-11-30T03:00:00Z,2023-11-30T14:00:00Z,2023-11-30T06:48:20.825832183Z,21.1,temperature,monitor_task,ESP32-5,urbino,Turing
,,10,2023-11-30T03:00:00Z,2023-11-30T14:00:00Z,2023-11-30T06:53:45.608174453Z,21.1,temperature,monitor_task,ESP32-5,urbino,Turing
,,10,2023-11-30T03:00:00Z,2023-11-30T14:00:00Z,2023-11-30T06:59:10.020720901Z,21.2,temperature,monitor_task,ESP32-5,urbino,Turing
,,10,2023-11-30T03:00:00Z,2023-11-30T14:00:00Z,2023-11-30T07:04:35.102779944Z,21.3,temperature,monitor_task,ESP32-5,urbino,Turing
,,10,2023-11-30T03:00:00Z,2023-11-30T14:00:00Z,2023-11-30T07:09:59.578705766Z,21.5,temperature,monitor_task,ESP32-5,urbino,Turing
,,10,2023-11-30T03:00:00Z,2023-11-30T14:00:00Z,2023-11-30T07:15:24.056734945Z,21.6,temperature,monitor_task,ESP32-5,urbino,Turing
,,10,2023-11-30T03:00:00Z,2023-11-30T14:00:00Z,2023-11-30T07:20:48.462239954Z,21.6,temperature,monitor_task,ESP32-5,urbino,Turing
,,10,2023-11-30T03:00:00Z,2023-11-30T14:00:00Z,2023-11-30T07:26:12.954522068Z,21.5,temperature,monitor_task,ESP32-5,urbino,Turing
,,10,2023-11-30T03:00:00Z,2023-11-30T14:00:00Z,2023-11-30T07:31:37.526781402Z,21.5,temperature,monitor_task,ESP32-5,urbino,Turing
,,10,2023-11-30T03:00:00Z,2023-11-30T14:00:00Z,2023-11-30T07:37:01.92794101Z,21.6,temperature,monitor_task,ESP32-5,urbino,Turing
,,10,2023-11-30T03:00:00Z,2023-11-30T14:00:00Z,2023-11-30T07:42:26.254142088Z,21.6,temperature,monitor_task,ESP32-5,urbino,Turing
,,10,2023-11-30T03:00:00Z,2023-11-30T14:00:00Z,2023-11-30T07:47:50.658584671Z,21.8,temperature,monitor_task,ESP32-5,urbino,Turing
,,10,2023-11-30T03:00:00Z,2023-11-30T14:00:00Z,2023-11-30T07:53:15.145057492Z,21.9,temperature,monitor_task,ESP32-5,urbino,Turing
,,10,2023-11-30T03:00:00Z,2023-11-30T14:00:00Z,2023-11-30T07:58:39.574282609Z,22,temperature,monitor_task,ESP32-5,urbino,Turing
,,10,2023-11-30T03:00:00Z,2023-11-30T14:00:00Z,2023-11-30T08:04:04.337181298Z,22.1,temperature,monitor_task,ESP32-5,urbino,Turing
,,10,2023-11-30T03:00:00Z,2023-11-30T14:00:00Z,2023-11-30T08:09:29.05429118Z,22.3,temperature,monitor_task,ESP32-5,urbino,Turing
,,10,2023-11-30T03:00:00Z,2023-11-30T14:00:00Z,2023-11-30T08:14:53.61224968Z,22.4,temperature,monitor_task,ESP32-5,urbino,Turing
,,10,2023-11-30T03:00:00Z,2023-11-30T14:00:00Z,2023-11-30T08:20:18.731806295Z,22.6,temperature,monitor_task,ESP32-5,urbino,Turing
,,10,2023-11-30T03:00:00Z,2023-11-30T14:00:00Z,2023-11-30T08:25:43.131816651Z,22.7,temperature,monitor_task,ESP32-5,urbino,Turing
,,10,2023-11-30T03:00:00Z,2023-11-30T14:00:00Z,2023-11-30T08:31:07.852349267Z,22.9,temperature,monitor_task,ESP32-5,urbino,Turing
,,10,2023-11-30T03:00:00Z,2023-11-30T14:00:00Z,2023-11-30T08:36:33.204656499Z,23,temperature,monitor_task,ESP32-5,urbino,Turing
,,10,2023-11-30T03:00:00Z,2023-11-30T14:00:00Z,2023-11-30T08:41:57.917816543Z,23.1,temperature,monitor_task,ESP32-5,urbino,Turing
,,10,2023-11-30T03:00:00Z,2023-11-30T14:00:00Z,2023-11-30T08:47:26.07349553Z,23.2,temperature,monitor_task,ESP32-5,urbino,Turing
,,10,2023-11-30T03:00:00Z,2023-11-30T14:00:00Z,2023-11-30T08:52:54.632969786Z,23.3,temperature,monitor_task,ESP32-5,urbino,Turing
,,10,2023-11-30T03:00:00Z,2023-11-30T14:00:00Z,2023-11-30T08:58:23.190852863Z,23.4,temperature,monitor_task,ESP32-5,urbino,Turing
,,10,2023-11-30T03:00:00Z,2023-11-30T14:00:00Z,2023-11-30T09:03:52.640177762Z,23.5,temperature,monitor_task,ESP32-5,urbino,Turing
,,10,2023-11-30T03:00:00Z,2023-11-30T14:00:00Z,2023-11-30T09:09:21.907948845Z,23.6,temperature,monitor_task,ESP32-5,urbino,Turing
,,10,2023-11-30T03:00:00Z,2023-11-30T14:00:00Z,2023-11-30T09:14:50.377199999Z,23.7,temperature,monitor_task,ESP32-5,urbino,Turing
,,10,2023-11-30T03:00:00Z,2023-11-30T14:00:00Z,2023-11-30T09:20:18.933953044Z,23.8,temperature,monitor_task,ESP32-5,urbino,Turing
,,10,2023-11-30T03:00:00Z,2023-11-30T14:00:00Z,2023-11-30T09:25:47.570706019Z,23.8,temperature,monitor_task,ESP32-5,urbino,Turing
,,10,2023-11-30T03:00:00Z,2023-11-30T14:00:00Z,2023-11-30T09:31:15.966230686Z,23.9,temperature,monitor_task,ESP32-5,urbino,Turing
,,10,2023-11-30T03:00:00Z,2023-11-30T14:00:00Z,2023-11-30T09:36:44.443847419Z,23.9,temperature,monitor_task,ESP32-5,urbino,Turing
,,10,2023-11-30T03:00:00Z,2023-11-30T14:00:00Z,2023-11-30T09:42:12.768039005Z,24,temperature,monitor_task,ESP32-5,urbino,Turing
,,10,2023-11-30T03:00:00Z,2023-11-30T14:00:00Z,2023-11-30T09:47:41.250183742Z,24,temperature,monitor_task,ESP32-5,urbino,Turing
,,10,2023-11-30T03:00:00Z,2023-11-30T14:00:00Z,2023-11-30T09:53:09.574382735Z,24,temperature,monitor_task,ESP32-5,urbino,Turing
,,10,2023-11-30T03:00:00Z,2023-11-30T14:00:00Z,2023-11-30T09:58:37.89442585Z,23.9,temperature,monitor_task,ESP32-5,urbino,Turing
,,10,2023-11-30T03:00:00Z,2023-11-30T14:00:00Z,2023-11-30T10:04:06.632736194Z,23.8,temperature,monitor_task,ESP32-5,urbino,Turing
,,10,2023-11-30T03:00:00Z,2023-11-30T14:00:00Z,2023-11-30T10:09:34.933131741Z,23.9,temperature,monitor_task,ESP32-5,urbino,Turing
,,10,2023-11-30T03:00:00Z,2023-11-30T14:00:00Z,2023-11-30T10:15:03.493310587Z,23.9,temperature,monitor_task,ESP32-5,urbino,Turing
,,10,2023-11-30T03:00:00Z,2023-11-30T14:00:00Z,2023-11-30T10:20:31.738946165Z,24,temperature,monitor_task,ESP32-5,urbino,Turing
,,10,2023-11-30T03:00:00Z,2023-11-30T14:00:00Z,2023-11-30T10:26:00.062833275Z,24.1,temperature,monitor_task,ESP32-5,urbino,Turing
,,10,2023-11-30T03:00:00Z,2023-11-30T14:00:00Z,2023-11-30T10:31:28.554614549Z,24.1,temperature,monitor_task,ESP32-5,urbino,Turing
,,10,2023-11-30T03:00:00Z,2023-11-30T14:00:00Z,2023-11-30T10:36:56.865835275Z,24.2,temperature,monitor_task,ESP32-5,urbino,Turing
,,10,2023-11-30T03:00:00Z,2023-11-30T14:00:00Z,2023-11-30T10:42:25.187627499Z,24.2,temperature,monitor_task,ESP32-5,urbino,Turing
,,10,2023-11-30T03:00:00Z,2023-11-30T14:00:00Z,2023-11-30T10:47:53.672584059Z,24.3,temperature,monitor_task,ESP32-5,urbino,Turing
,,10,2023-11-30T03:00:00Z,2023-11-30T14:00:00Z,2023-11-30T10:53:24.1553155Z,24.3,temperature,monitor_task,ESP32-5,urbino,Turing
,,10,2023-11-30T03:00:00Z,2023-11-30T14:00:00Z,2023-11-30T10:58:53.119661904Z,24.4,temperature,monitor_task,ESP32-5,urbino,Turing
,,10,2023-11-30T03:00:00Z,2023-11-30T14:00:00Z,2023-11-30T11:04:21.840063113Z,24.3,temperature,monitor_task,ESP32-5,urbino,Turing
,,10,2023-11-30T03:00:00Z,2023-11-30T14:00:00Z,2023-11-30T11:09:50.483357115Z,24.3,temperature,monitor_task,ESP32-5,urbino,Turing
,,10,2023-11-30T03:00:00Z,2023-11-30T14:00:00Z,2023-11-30T11:15:18.653697901Z,24.3,temperature,monitor_task,ESP32-5,urbino,Turing
,,10,2023-11-30T03:00:00Z,2023-11-30T14:00:00Z,2023-11-30T11:20:46.884909402Z,24.4,temperature,monitor_task,ESP32-5,urbino,Turing
,,10,2023-11-30T03:00:00Z,2023-11-30T14:00:00Z,2023-11-30T11:26:15.343269695Z,24.4,temperature,monitor_task,ESP32-5,urbino,Turing
,,10,2023-11-30T03:00:00Z,2023-11-30T14:00:00Z,2023-11-30T11:31:44.070605143Z,24.4,temperature,monitor_task,ESP32-5,urbino,Turing
,,10,2023-11-30T03:00:00Z,2023-11-30T14:00:00Z,2023-11-30T11:37:12.705070969Z,24.5,temperature,monitor_task,ESP32-5,urbino,Turing
,,10,2023-11-30T03:00:00Z,2023-11-30T14:00:00Z,2023-11-30T11:42:41.344847074Z,24.5,temperature,monitor_task,ESP32-5,urbino,Turing
,,10,2023-11-30T03:00:00Z,2023-11-30T14:00:00Z,2023-11-30T11:48:09.986140365Z,24.5,temperature,monitor_task,ESP32-5,urbino,Turing
,,10,2023-11-30T03:00:00Z,2023-11-30T14:00:00Z,2023-11-30T11:53:38.540866942Z,24.4,temperature,monitor_task,ESP32-5,urbino,Turing
,,10,2023-11-30T03:00:00Z,2023-11-30T14:00:00Z,2023-11-30T11:59:06.627124759Z,24.3,temperature,monitor_task,ESP32-5,urbino,Turing
,,10,2023-11-30T03:00:00Z,2023-11-30T14:00:00Z,2023-11-30T12:04:35.515249365Z,24.3,temperature,monitor_task,ESP32-5,urbino,Turing
,,10,2023-11-30T03:00:00Z,2023-11-30T14:00:00Z,2023-11-30T12:10:04.161330944Z,24.2,temperature,monitor_task,ESP32-5,urbino,Turing
,,10,2023-11-30T03:00:00Z,2023-11-30T14:00:00Z,2023-11-30T12:15:32.645120222Z,24.1,temperature,monitor_task,ESP32-5,urbino,Turing
,,10,2023-11-30T03:00:00Z,2023-11-30T14:00:00Z,2023-11-30T12:21:01.208254768Z,24,temperature,monitor_task,ESP32-5,urbino,Turing
,,10,2023-11-30T03:00:00Z,2023-11-30T14:00:00Z,2023-11-30T12:26:29.930500335Z,24,temperature,monitor_task,ESP32-5,urbino,Turing
,,10,2023-11-30T03:00:00Z,2023-11-30T14:00:00Z,2023-11-30T12:31:58.408887319Z,24,temperature,monitor_task,ESP32-5,urbino,Turing
,,10,2023-11-30T03:00:00Z,2023-11-30T14:00:00Z,2023-11-30T12:37:26.954846301Z,24,temperature,monitor_task,ESP32-5,urbino,Turing
,,10,2023-11-30T03:00:00Z,2023-11-30T14:00:00Z,2023-11-30T12:42:55.66533879Z,24,temperature,monitor_task,ESP32-5,urbino,Turing
,,10,2023-11-30T03:00:00Z,2023-11-30T14:00:00Z,2023-11-30T12:48:24.379514105Z,24,temperature,monitor_task,ESP32-5,urbino,Turing
,,10,2023-11-30T03:00:00Z,2023-11-30T14:00:00Z,2023-11-30T12:53:53.29571253Z,24.1,temperature,monitor_task,ESP32-5,urbino,Turing
,,10,2023-11-30T03:00:00Z,2023-11-30T14:00:00Z,2023-11-30T12:59:21.940008541Z,23.7,temperature,monitor_task,ESP32-5,urbino,Turing
,,10,2023-11-30T03:00:00Z,2023-11-30T14:00:00Z,2023-11-30T13:04:46.890726641Z,23.2,temperature,monitor_task,ESP32-5,urbino,Turing
,,10,2023-11-30T03:00:00Z,2023-11-30T14:00:00Z,2023-11-30T13:10:11.218250584Z,22.9,temperature,monitor_task,ESP32-5,urbino,Turing
,,10,2023-11-30T03:00:00Z,2023-11-30T14:00:00Z,2023-11-30T13:15:35.643369758Z,22.7,temperature,monitor_task,ESP32-5,urbino,Turing
,,10,2023-11-30T03:00:00Z,2023-11-30T14:00:00Z,2023-11-30T13:21:00.296882404Z,23,temperature,monitor_task,ESP32-5,urbino,Turing
,,10,2023-11-30T03:00:00Z,2023-11-30T14:00:00Z,2023-11-30T13:26:25.097756836Z,23.2,temperature,monitor_task,ESP32-5,urbino,Turing
,,10,2023-11-30T03:00:00Z,2023-11-30T14:00:00Z,2023-11-30T13:31:50.462133839Z,23.4,temperature,monitor_task,ESP32-5,urbino,Turing
,,10,2023-11-30T03:00:00Z,2023-11-30T14:00:00Z,2023-11-30T13:37:15.338649237Z,23.6,temperature,monitor_task,ESP32-5,urbino,Turing
,,10,2023-11-30T03:00:00Z,2023-11-30T14:00:00Z,2023-11-30T13:42:40.13243535Z,23.7,temperature,monitor_task,ESP32-5,urbino,Turing
,,10,2023-11-30T03:00:00Z,2023-11-30T14:00:00Z,2023-11-30T13:48:04.845496909Z,23.8,temperature,monitor_task,ESP32-5,urbino,Turing
,,10,2023-11-30T03:00:00Z,2023-11-30T14:00:00Z,2023-11-30T13:53:29.726862233Z,23.9,temperature,monitor_task,ESP32-5,urbino,Turing
,,10,2023-11-30T03:00:00Z,2023-11-30T14:00:00Z,2023-11-30T13:58:54.678702818Z,24,temperature,monitor_task,ESP32-5,urbino,Turing
